"Name","Disabled","DisabledCN","LegacyExpLevelLimit","RequiredTotalTrophies","RequiredHero","IconSWF","IconExportName","SortOrder","IsReward","IsAvailableForOffers","LockedForChronos","PriceBling","PriceGems","DisableCatalogRelease","HideInCatalogWhenNotOwned","CatalogNewDaysAdjustment","CatalogPreRequirementSkin","GiveOnSkinUnlock","NotInCatalogTID","ExtraCatalogCampaign","ExtraCatalogHero","HideFromCatalogMainCategory","UnlockedByFame"
"string","boolean","boolean","int","int","string","string","string","int","boolean","boolean","boolean","int","int","boolean","boolean","int","string","boolean","string","string","string","boolean","String"
"base1",,,1,0,,"sc/player_icons.sc","player_icon_00",0,,,,,,,,,,,,,,,
"base2",,,10,100,,"sc/player_icons.sc","player_icon_01",1,,,,,,,,,,,,,,,
"base3",,,20,1000,,"sc/player_icons.sc","player_icon_02",2,,,,,,,,,,,,,,,
"hero1",,,0,0,"ShotgunGirl","sc/player_icons.sc","player_icon_shelly",101,,,,,,,,,,,,,,,
"hero2",,,0,0,"Gunslinger","sc/player_icons.sc","player_icon_colt",103,,,,,,,,,,,,,,,
"hero3",,,0,0,"RocketGirl","sc/player_icons.sc","player_icon_brock",106,,,,,,,,,,,,,,,
"hero4",,,0,0,"Mechanic","sc/player_icons.sc","player_icon_jess",105,,,,,,,,,,,,,,,
"hero5",,,0,0,"Shaman","sc/player_icons.sc","player_icon_nita",102,,,,,,,,,,,,,,,
"hero6",,,0,0,"TntDude","sc/player_icons.sc","player_icon_mike",107,,,,,,,,,,,,,,,
"hero7",,,0,0,"Luchador","sc/player_icons.sc","player_icon_primo",201,,,,,,,,,,,,,,,
"hero8",,,0,0,"BullDude","sc/player_icons.sc","player_icon_bull",104,,,,,,,,,,,,,,,
"hero9",,,0,0,"TrickshotDude","sc/player_icons.sc","player_icon_rick",301,,,,,,,,,,,,,,,
"hero10",,,0,0,"Barkeep","sc/player_icons.sc","player_icon_barley",202,,,,,,,,,,,,,,,
"hero11",,,0,0,"DeadMariachi","sc/player_icons.sc","player_icon_poco",203,,,,,,,,,,,,,,,
"hero12",,,0,0,"Undertaker","sc/player_icons.sc","player_icon_mortis",501,,,,,,,,,,,,,,,
"hero13",,,0,0,"BowDude","sc/player_icons.sc","player_icon_bo",108,,,,,,,,,,,,,,,
"hero14",,,0,0,"Cactus","sc/player_icons.sc","player_icon_spike",601,,,,,,,,,,,,,,,
"hero15",,,0,0,"Crow","sc/player_icons.sc","player_icon_crow",602,,,,,,,,,,,,,,,
"hero16",,,0,0,"Sniper","sc/player_icons.sc","player_icon_piper",401,,,,,,,,,,,,,,,
"base4",,,40,2500,,"sc/player_icons.sc","player_icon_03",3,,,,,,,,,,,,,,,
"base5",,,60,4000,,"sc/player_icons.sc","player_icon_04",4,,,,,,,,,,,,,,,
"base6",,,80,6000,,"sc/player_icons.sc","player_icon_05",5,,,,,,,,,,,,,,,
"base7",,,100,7500,,"sc/player_icons.sc","player_icon_06",6,,,,,,,,,,,,,,,
"base8",,,120,9000,,"sc/player_icons.sc","player_icon_07",7,,,,,,,,,,,,,,,
"trophy1",,,0,500,,"sc/player_icons.sc","player_icon_trophy_00",8,,,,,,,,,,,,,,,
"trophy2",,,0,1000,,"sc/player_icons.sc","player_icon_trophy_01",9,,,,,,,,,,,,,,,
"trophy3",,,0,2000,,"sc/player_icons.sc","player_icon_trophy_02",10,,,,,,,,,,,,,,,
"trophy4",,,0,3000,,"sc/player_icons.sc","player_icon_trophy_03",11,,,,,,,,,,,,,,,
"hero17",,,0,0,"MinigunDude","sc/player_icons.sc","player_icon_mj",402,,,,,,,,,,,,,,,
"hero18",,,0,0,"BlackHole","sc/player_icons.sc","player_icon_taro",502,,,,,,,,,,,,,,,
"trophy5",,,0,5000,,"sc/player_icons.sc","player_icon_elite_00",12,,,,,,,,,,,,,,,
"trophy6",,,0,7000,,"sc/player_icons.sc","player_icon_elite_01",13,,,,,,,,,,,,,,,
"trophy7",,,0,10000,,"sc/player_icons.sc","player_icon_elite_02",14,,,,,,,,,,,,,,,
"trophy8",,,0,13000,,"sc/player_icons.sc","player_icon_elite_03",15,,,,,,,,,,,,,,,
"hero19",,,0,0,"BarrelBot","sc/player_icons.sc","player_icon_barrelbot",302,,,,,,,,,,,,,,,
"hero20",,,0,0,"ArtilleryDude","sc/player_icons.sc","player_icon_penny",303,,,,,,,,,,,,,,,
"hero21",,,0,0,"HammerDude","sc/player_icons.sc","player_icon_frank",403,,,,,,,,,,,,,,,
"hero22",,,0,0,"Ninja","sc/player_icons.sc","player_icon_leon",603,,,,,,,,,,,,,,,
"hero23",,,0,0,"HookDude","sc/player_icons.sc","player_icon_gene",503,,,,,,,,,,,,,,,
"hero24",,,0,0,"Whirlwind","sc/player_icons.sc","player_icon_carl",304,,,,,,,,,,,,,,,
"hero25",,,0,0,"Rosa","sc/player_icons.sc","player_icon_rosa",204,,,,,,,,,,,,,,,
"hero26",,,0,0,"Baseball","sc/player_icons.sc","player_icon_bibi",404,,,,,,,,,,,,,,,
"hero27",,,0,0,"ClusterBombDude","sc/player_icons.sc","player_icon_tick",109,,,,,,,,,,,,,,,
"hero28",,,0,0,"Arcade","sc/player_icons.sc","player_icon_8bit",110,,,,,,,,,,,,,,,
"hero29",,,0,0,"Sandstorm","sc/player_icons.sc","player_icon_sandy",604,,,,,,,,,,,,,,,
"hero30",,,0,0,"Mummy","sc/player_icons.sc","player_icon_emz",111,,,,,,,,,,,,,,,
"hero31",,,0,0,"BeeSniper","sc/player_icons.sc","player_icon_bea",405,,,,,,,,,,,,,,,
"hero32",,,0,0,"Speedy","sc/player_icons.sc","player_icon_max",504,,,,,,,,,,,,,,,
"hero33",,,0,0,"SpawnerDude","sc/player_icons.sc","player_icon_mrp",505,,,,,,,,,,,,,,,
"hero34",,,0,0,"Driller","sc/player_icons.sc","player_icon_jacky",305,,,,,,,,,,,,,,,
"hero35",,,0,0,"Wally","sc/player_icons.sc","player_icon_sprout",506,,,,,,,,,,,,,,,
"hero36",,,0,0,"Blower","sc/player_icons.sc","player_icon_gale",701,,,,,,,,,,,,,,,
"hero37",,,0,0,"Controller","sc/player_icons.sc","player_icon_nani",406,,,,,,,,,,,,,,,
"hero38",,,0,0,"PowerLeveler","sc/player_icons.sc","player_icon_surge",702,,,,,,,,,,,,,,,
"hero39",,,0,0,"Percenter","sc/player_icons.sc","player_icon_colette",703,,,,,,,,,,,,,,,
"hero40",,,0,0,"FireDude","sc/player_icons.sc","player_icon_amber",605,,,,,,,,,,,,,,,
"hero41",,,0,0,"IceDude","sc/player_icons.sc","player_icon_lou",704,,,,,,,,,,,,,,,
"hero42",,,0,0,"SnakeOil","sc/player_icons.sc","player_icon_byron",507,,,,,,,,,,,,,,,
"hero43",,,0,0,"Enrager","sc/player_icons.sc","player_icon_edgar",407,,,,,,,,,,,,,,,
"hero44",,,0,0,"Ruffs","sc/player_icons.sc","player_icon_ruffs",705,,,,,,,,,,,,,,,
"rank01",,,0,0,,"sc/player_icons.sc","player_icon_starrforce_01",1000,,,,,,,,,"ArtilleryDudeSmuggler",true,,,,,
"rank02",,,0,0,,"sc/player_icons.sc","player_icon_starrforce_02",1001,,,,,,,,,,,,,,,
"hero45",,,0,0,"Roller","sc/player_icons.sc","player_icon_stu",112,,,,,,,,,,,,,,,
"rank03",,,0,0,,"sc/player_icons.sc","player_icon_actionshow_01",1002,,,,,,,,,"ArcadePiano",true,,,,,
"rank04",,,0,0,,"sc/player_icons.sc","player_icon_actionshow_02",1003,,,,,,,,,,,,,,,
"hero46",,,0,0,"ElectroSniper","sc/player_icons.sc","player_icon_belle",706,,,,,,,,,,,,,,,
"hero47",,,0,0,"StickyBomb","sc/player_icons.sc","player_icon_squeak",508,,,,,,,,,,,,,,,
"hero48",,,0,0,"RopeDude","sc/player_icons.sc","player_icon_buzz",707,,,,,,,,,,,,,,,
"hero49",,,0,0,"AssaultShotgun","sc/player_icons.sc","player_icon_griff",408,,,,,,,,,,,,,,,
"rank05",,,0,0,,"sc/player_icons.sc","player_icon_velocirapids_01",1004,,,,,,,,,"DrillerJetski",true,,,,,
"rank06",,,0,0,,"sc/player_icons.sc","player_icon_velocirapids_02",1005,,,,,,,,,,,,,,,
"hero50",,,0,0,"Knight","sc/player_icons.sc","player_icon_ash",708,,,,,,,,,,,,,,,
"rank07",,,0,0,,"sc/player_icons.sc","player_icon_ft_01",1006,,,,,,,,,"SnakeOilWizard",true,,,,,
"rank08",,,0,0,,"sc/player_icons.sc","player_icon_ft_02",1007,,,,,,,,,,,,,,,
"hero51",,,0,0,"MechaDude","sc/player_icons.sc","player_icon_meg",606,,,,,,,,,,,,,,,
"hero52",,,0,0,"Duplicator","sc/player_icons.sc","player_icon_lolla",709,,,,,,,,,,,,,,,
"rank09",,,0,0,,"sc/player_icons.sc","player_icon_bw_01",1008,,,,,,,,,"RopeDudeDirector",true,,,,,
"rank10",,,0,0,,"sc/player_icons.sc","player_icon_bw_02",1009,,,,,,,,,,,,,,,
"rank11",,,0,0,,"sc/player_icons.sc","player_icon_lny2022_01",1010,,,,,,,,,"ShamanDragon",true,,,,,
"rank12",,,0,0,,"sc/player_icons.sc","player_icon_lny2022_02",1011,,,,,,,,,,,,,,,
"hero53",,,0,0,"CrossBomber","sc/player_icons.sc","player_icon_grom",409,,,,,,,,,,,,,,,
"hero54",,,0,0,"KickerDude","sc/player_icons.sc","player_icon_fang",710,,,,,,,,,,,,,,,
"hero55",,,0,0,"Flea","sc/player_icons.sc","player_icon_eve",711,,,,,,,,,,,,,,,
"rank13",,,0,0,,"sc/player_icons.sc","player_icon_biodome_01",1012,,,,,,,,,"BowDudeWasp",true,,,,,
"rank14",,,0,0,,"sc/player_icons.sc","player_icon_biodome_02",1013,,,,,,,,,,,,,,,
"hero56",,,0,0,"JetpackGirl","sc/player_icons.sc","player_icon_janet",712,,,,,,,,,,,,,,,
"hero57",,,0,0,"CannonGirl","sc/player_icons.sc","player_icon_bonnie",410,,,,,,,,,,,,,,,
"rank15",,,0,0,,"sc/player_icons.sc","player_icon_stuntshow_01",1014,,,,,,,,,"BarrelBotCrash",true,,,,,
"rank16",,,0,0,,"sc/player_icons.sc","player_icon_stuntshow_02",1015,,,,,,,,,,,,,,,
"player_icon_tick1",,,0,0,,"sc/player_icons.sc","player_icon_tick1",2001,,,,,,,,,,,,,,,
"player_icon_stu1",,,0,0,,"sc/player_icons.sc","player_icon_stu1",2002,,,,,,,,,,,,,,,
"player_icon_shelly1",,,0,0,,"sc/player_icons.sc","player_icon_shelly1",2003,,,,,,,,,,,,,,,
"player_icon_nita1",,,0,0,,"sc/player_icons.sc","player_icon_nita1",2004,,,,,,,,,,,,,,,
"player_icon_jessie1",,,0,0,,"sc/player_icons.sc","player_icon_jessie1",2005,,,,,,,,,,,,,,,
"player_icon_emz1",,,0,0,,"sc/player_icons.sc","player_icon_emz1",2006,,,,,,,,,,,,,,,
"player_icon_dynamike1",,,0,0,,"sc/player_icons.sc","player_icon_dynamike1",2007,,,,,,,,,,,,,,,
"player_icon_colt1",,,0,0,,"sc/player_icons.sc","player_icon_colt1",2008,,,,,,,,,,,,,,,
"player_icon_bull1",,,0,0,,"sc/player_icons.sc","player_icon_bull1",2009,,,,,,,,,,,,,,,
"player_icon_brock1",,,0,0,,"sc/player_icons.sc","player_icon_brock1",2010,,,,,,,,,,,,,,,
"player_icon_bo1",,,0,0,,"sc/player_icons.sc","player_icon_bo1",2011,,,,,,,,,,,,,,,
"player_icon_8bit1",,,0,0,,"sc/player_icons.sc","player_icon_8bit1",2012,,,,,,,,,,,,,,,
"player_icon_villains",,,0,0,,"sc/player_icons.sc","player_icon_villains",3001,,,,750,19,,,,,,,,,,
"player_icon_stuntshow",,,0,0,,"sc/player_icons.sc","player_icon_stuntshow",3002,,,,750,19,,,,,,,,,,
"player_icon_lantern",,,0,0,,"sc/player_icons.sc","player_icon_lantern",3003,,,,750,19,,,,,,,,,,
"player_icon_goldenweek",,,0,0,,"sc/player_icons.sc","player_icon_goldenweek",3004,,,,750,19,,,,,,,,,,
"hero58",,,0,0,"Silencer","sc/player_icons.sc","player_icon_otis",713,,,,,,,,,,,,,,,
"rank17",,,0,0,,"sc/player_icons.sc","player_icon_deepsea_01",1016,,,,,,,,,"RocketGirlDelivery",true,,,,,
"rank18",,,0,0,,"sc/player_icons.sc","player_icon_deepsea_02",1017,,,,,,,,,,,,,,,
"player_icon_ruffs_bt21",,true,0,0,,"sc/player_icons.sc","player_icon_ruffs_bt21",4001,,,,,,,,,"RuffsChimmy",true,,,,,
"player_icon_bull_bt21",,true,0,0,,"sc/player_icons.sc","player_icon_bull_bt21",4002,,,,,,,,,"BullDudeMang",true,,,,,
"player_icon_bibi_bt21",,true,0,0,,"sc/player_icons.sc","player_icon_bibi_bt21",4003,,,,,,,,,"BaseballRj",true,,,,,
"player_icon_edgar_bt21",,true,0,0,,"sc/player_icons.sc","player_icon_edgar_bt21",4004,,,,,,,,,"EnragerTata",true,,,,,
"player_icon_sandy_bt21",,true,0,0,,"sc/player_icons.sc","player_icon_sandy_bt21",4005,,,,,,,,,"SandstormKoya",true,,,,,
"player_icon_tick_bt21",,true,0,0,,"sc/player_icons.sc","player_icon_tick_bt21",4006,,,,,,,,,"ClusterBombDudeShooky",true,,,,,
"player_icon_jacky_bt21",,true,0,0,,"sc/player_icons.sc","player_icon_jacky_bt21",4007,,,,,,,,,"DrillerCooky",true,,,,,
"player_icon_deepsea",,,0,0,,"sc/player_icons.sc","player_icon_deepsea",3005,,,,750,19,,,,,,,,,,
"player_icon_primo1",,,0,0,,"sc/player_icons.sc","player_icon_primo1",2013,,,,,,,,,,,,,,,
"player_icon_barley1",,,0,0,,"sc/player_icons.sc","player_icon_barley1",2014,,,,,,,,,,,,,,,
"player_icon_rosa1",,,0,0,,"sc/player_icons.sc","player_icon_rosa1",2015,,,,,,,,,,,,,,,
"player_icon_poco1",,,0,0,,"sc/player_icons.sc","player_icon_poco1",2016,,,,,,,,,,,,,,,
"player_icon_darryl1",,,0,0,,"sc/player_icons.sc","player_icon_darryl1",2017,,,,,,,,,,,,,,,
"player_icon_penny1",,,0,0,,"sc/player_icons.sc","player_icon_penny1",2018,,,,,,,,,,,,,,,
"player_icon_carl1",,,0,0,,"sc/player_icons.sc","player_icon_carl1",2019,,,,,,,,,,,,,,,
"player_icon_rico1",,,0,0,,"sc/player_icons.sc","player_icon_rico1",2020,,,,,,,,,,,,,,,
"player_icon_jacky1",,,0,0,,"sc/player_icons.sc","player_icon_jacky1",2020,,,,,,,,,,,,,,,
"player_icon_badrandoms",,,0,0,,"sc/player_icons.sc","player_icon_badrandoms",3006,,,,750,19,,,,,,,"PUNK",,,
"player_icon_pirates",,,0,0,,"sc/player_icons.sc","player_icon_pirates",3007,,,,750,19,,,,,,,"CURSED",,,
"rank19",,,0,0,,"sc/player_icons.sc","player_icon_lola_outlaw_01",1018,,,,,,,,,,,,,,,
"rank20",,,0,0,,"sc/player_icons.sc","player_icon_lola_outlaw_02",1019,,,,,,,,,"DuplicatorOutlaw",true,,,,,
"player_icon_mortis_mecha",,,0,0,,"sc/player_icons.sc","player_icon_mortis_mecha",4008,,,,,,,,,"UndertakerMecha",true,,,,,
"player_icon_outlaw",,,0,0,,"sc/player_icons.sc","player_icon_outlaw",3008,,,,750,19,,,,,,,"OUTLAWS",,,
"player_icon_esports_intz",,,0,0,,"sc/player_icons.sc","player_icon_esports_intz",5001,,,,750,19,true,,,,,,"WF_2020",,,
"player_icon_esports_navi",,,0,0,,"sc/player_icons.sc","player_icon_esports_navi",5002,,,,,19,,,,,,,"WF_2020",,,
"player_icon_esports_obey",,,0,0,,"sc/player_icons.sc","player_icon_esports_obey",5003,,,,750,19,true,,,,,,"WF_2020",,,
"player_icon_esports_qlash",,,0,0,,"sc/player_icons.sc","player_icon_esports_qlash",5004,,,,,,,true,,,,,"WF_2020",,,
"player_icon_esports_sk",,,0,0,,"sc/player_icons.sc","player_icon_esports_sk",5005,,,,,19,,,,,,,"WF_2020",,,
"player_icon_esports_stmn",,,0,0,,"sc/player_icons.sc","player_icon_esports_stmn",5006,,,,,19,,,,,,,"WF_2020",,,
"player_icon_esports_tq",,,0,0,,"sc/player_icons.sc","player_icon_esports_tq",5007,,,,,,,true,,,,,"WF_2020",,,
"player_icon_esports_tribe",,,0,0,,"sc/player_icons.sc","player_icon_esports_tribe",5008,,,,,19,,,,,,,"WF_2020",,,
"player_icon_esports_zeta",,,0,0,,"sc/player_icons.sc","player_icon_esports_zeta",5009,,,,,19,,,,,,,"WF_2020",,,
"player_icon_esports_totem",,,0,0,,"sc/player_icons.sc","player_icon_esports_totem",5010,,,,,19,,,,,,,"WF_2020",,,
"player_icon_mecha",,,0,0,,"sc/player_icons.sc","player_icon_mecha",3009,,,,750,19,,,,,,,"MECHA",,,
"player_icon_robot_colt",,,0,0,,"sc/player_icons.sc","player_icon_robot_colt",3010,,,,750,19,,,,,,,"STARRPARK",,,
"player_icon_robots_1",,,0,0,,"sc/player_icons.sc","player_icon_robots_1",3011,,,,750,19,,,,,,,"STARRPARK",,,
"player_icon_robots_2",,,0,0,,"sc/player_icons.sc","player_icon_robots_2",3012,,,,750,19,,,,,,,"STARRPARK",,,
"player_icon_robots_3",,,0,0,,"sc/player_icons.sc","player_icon_robots_3",3013,,,,750,19,,,,,,,"STARRPARK",,,
"player_icon_robots_4",,,0,0,,"sc/player_icons.sc","player_icon_robots_4",3014,,,,750,19,,,,,,,"STARRPARK",,,
"player_icon_claw",,,0,0,,"sc/player_icons.sc","player_icon_claw",3015,,,,750,19,,,,,,,"JUNGLE",,,
"player_icon_defeat_them_all",,,0,0,,"sc/player_icons.sc","player_icon_defeat_them_all",3016,,,,750,19,,,,,,,"MISC",,,
"hero59",,,0,0,"WeaponThrower","sc/player_icons.sc","player_icon_bronson",714,,,,,,,,,,,,,,,
"hero60",,,0,0,"SoulCollector","sc/player_icons.sc","player_icon_gus",306,,,,,,,,,,,,,,,
"player_icon_leon_ghost",,,0,0,,"sc/player_icons.sc","player_icon_leon_ghost",4009,,,,,,,,,"NinjaGhost",true,,,,,
"player_icon_squeak_veteran1",,,0,0,,"sc/player_icons.sc","player_icon_squeak_veteran1",4010,,,,,,,,,"StickyBombVeteran",true,,,,,
"player_icon_squeak_veteran2",,,0,0,,"sc/player_icons.sc","player_icon_squeak_veteran2",4011,,,,750,19,,,,,,,"MAXFORCE",,,
"rank21",,,0,0,,"sc/player_icons.sc","player_icon_colette_ghost1",1020,,,,,,,,,"PercenterInspector",true,,,,,
"rank22",,,0,0,,"sc/player_icons.sc","player_icon_colette_ghost2",1021,,,,,,,,,,,,,,,
"player_icon_bscwf",,,0,0,,"sc/player_icons.sc","player_icon_bscwf",5000,,,,750,19,,,,,,,"WF_2020",,,
"player_icon_lastbox",,,0,0,,"sc/player_icons.sc","player_icon_lastbox",3017,,,,,,,,,,,,"LASTBOX",,,
"player_icon_ghosttrain",,,0,0,,"sc/player_icons.sc","player_icon_ghosttrain",3018,,,,750,19,,,,,,,"BRAWLOWEEN",,,
"player_icon_action",,,0,0,,"sc/player_icons.sc","player_icon_action",3019,,,,750,19,,,,,,,"MAXFORCE",,,
"hero61",,,0,0,"ShieldTank","sc/player_icons.sc","player_icon_buster",715,,,,,,,,,,,,,,,
"player_icon_brawlball",,,0,0,,"sc/player_icons.sc","player_icon_brawlball",3020,,,,750,19,,,,,,,"GOLDENBALL",,,
"rank23",,,0,0,,"sc/player_icons.sc","player_icon_ash_pl1",1022,,,,,,,,,"KnightPinata",true,,,,,
"rank24",,,0,0,,"sc/player_icons.sc","player_icon_ash_pl2",1023,,,,,,,,,,,,,,,
"player_icon_holidaybox",,,0,0,,"sc/player_icons.sc","player_icon_holidaybox",3020,,,,,,,,,,,,,,,
"player_icon_candyland_skull",,,0,0,,"sc/player_icons.sc","player_icon_candyland_skull",3021,,,,750,19,,,,,,,"CANDYLAND",,,
"player_icon_candyland",,,0,0,,"sc/player_icons.sc","player_icon_candyland",3022,,,,,,,,,,,,,,,
"player_icon_brawlentines",,,0,0,,"sc/player_icons.sc","player_icon_brawlentines",3023,,,,750,19,,,,,,,"BRAWLENTINES",,,
"player_icon_darkmas",,,0,0,,"sc/player_icons.sc","player_icon_darkmas",3024,,,,750,19,,,,,,,"DARKMAS",,,
"player_icon_lny2023",,,0,0,,"sc/player_icons.sc","player_icon_lny2023",3025,,,,750,19,,,,,,,"LNY",,,
"player_icon_anniversary1",,true,0,0,,"sc/player_icons.sc","player_icon_anniversary1",3026,,,,,,,,,,,,,,,
"player_icon_anniversary2",,true,0,0,,"sc/player_icons.sc","player_icon_anniversary2",3027,,,,,,,,,,,,,,,
"player_icon_anniversary3",,true,0,0,,"sc/player_icons.sc","player_icon_anniversary3",3028,,,,,,,,,,,,,,,
"player_icon_anniversary4",,true,0,0,,"sc/player_icons.sc","player_icon_anniversary4",3029,,,,,,,,,,,,,,,
"player_icon_brawlidays1",,,0,0,,"sc/player_icons.sc","player_icon_brawlidays1",3030,,,,750,19,,,,,,,"BRAWLIDAYS",,,
"player_icon_brawlidays2",,,0,0,,"sc/player_icons.sc","player_icon_brawlidays2",3031,,,,750,19,,,,,,,"BRAWLIDAYS",,,
"player_icon_brawlidays3",,,0,0,,"sc/player_icons.sc","player_icon_brawlidays3",3032,,,,750,19,,,,,,,"BRAWLIDAYS",,,
"player_icon_brawlidays4",,,0,0,,"sc/player_icons.sc","player_icon_brawlidays4",3033,,,,750,19,,,,,,,"BRAWLIDAYS",,,
"player_icon_brawlidays5",,,0,0,,"sc/player_icons.sc","player_icon_brawlidays5",3034,,,,750,19,,,,,,,"BRAWLIDAYS",,,
"player_icon_brawlidays6",,,0,0,,"sc/player_icons.sc","player_icon_brawlidays6",3035,,,,750,19,,,,,,,"BRAWLIDAYS",,,
"player_icon_lny1",,,0,0,,"sc/player_icons.sc","player_icon_lny1",3036,,,,750,19,,,,,,,"LNY",,,
"player_icon_lny2",,,0,0,,"sc/player_icons.sc","player_icon_lny2",3037,,,,750,19,,,,,,,"LNY",,,
"player_icon_lny3",,,0,0,,"sc/player_icons.sc","player_icon_lny3",3038,,,,750,19,,,,,,,"LNY",,,
"hero62",,,0,0,"DoorMan","sc/player_icons.sc","player_icon_gray",509,,,,,,,,,,,,,,,
"hero63",,,0,0,"Beamer","sc/player_icons.sc","player_icon_mandy",716,,,,,,,,,,,,,,,
"hero64",,,0,0,"Jester","sc/player_icons.sc","player_icon_chester",607,,,,,,,,,,,,,,,
"player_icon_creators",,,0,0,,"sc/player_icons.sc","player_icon_creators",3039,,,,,,,,,,,,,,,
"player_icon_edgar1",,,0,0,,"sc/player_icons.sc","player_icon_edgar1",2021,,,,,,,,,,,,,,,
"player_icon_bea1",,,0,0,,"sc/player_icons.sc","player_icon_bea1",2022,,,,,,,,,,,,,,,
"player_icon_bibi1",,,0,0,,"sc/player_icons.sc","player_icon_bibi1",2023,,,,,,,,,,,,,,,
"player_icon_bonnie1",,,0,0,,"sc/player_icons.sc","player_icon_bonnie1",2024,,,,,,,,,,,,,,,
"player_icon_frank1",,,0,0,,"sc/player_icons.sc","player_icon_frank1",2025,,,,,,,,,,,,,,,
"player_icon_griff1",,,0,0,,"sc/player_icons.sc","player_icon_griff1",2026,,,,,,,,,,,,,,,
"player_icon_grom1",,,0,0,,"sc/player_icons.sc","player_icon_grom1",2027,,,,,,,,,,,,,,,
"player_icon_nani1",,,0,0,,"sc/player_icons.sc","player_icon_nani1",2028,,,,,,,,,,,,,,,
"player_icon_pam1",,,0,0,,"sc/player_icons.sc","player_icon_pam1",2029,,,,,,,,,,,,,,,
"player_icon_piper1",,,0,0,,"sc/player_icons.sc","player_icon_piper1",2030,,,,,,,,,,,,,,,
"player_icon_byron1",,,0,0,,"sc/player_icons.sc","player_icon_byron1",2031,,,,,,,,,,,,,,,
"player_icon_gene1",,,0,0,,"sc/player_icons.sc","player_icon_gene1",2032,,,,,,,,,,,,,,,
"player_icon_mrp1",,,0,0,,"sc/player_icons.sc","player_icon_mrp1",2033,,,,,,,,,,,,,,,
"player_icon_tara1",,,0,0,,"sc/player_icons.sc","player_icon_tara1",2034,,,,,,,,,,,,,,,
"player_icon_squeak1",,,0,0,,"sc/player_icons.sc","player_icon_squeak1",2035,,,,,,,,,,,,,,,
"player_icon_max1",,,0,0,,"sc/player_icons.sc","player_icon_max1",2036,,,,,,,,,,,,,,,
"player_icon_leon1",,,0,0,,"sc/player_icons.sc","player_icon_leon1",2037,,,,,,,,,,,,,,,
"player_icon_meg1",,,0,0,,"sc/player_icons.sc","player_icon_meg1",2039,,,,,,,,,,,,,,,
"player_icon_crow1",,,0,0,,"sc/player_icons.sc","player_icon_crow1",2040,,,,,,,,,,,,,,,
"player_icon_spike1",,,0,0,,"sc/player_icons.sc","player_icon_spike1",2041,,,,,,,,,,,,,,,
"player_icon_mortis1",,,0,0,,"sc/player_icons.sc","player_icon_mortis1",2042,,,,,,,,,,,,,,,
"player_icon_amber1",,,0,0,,"sc/player_icons.sc","player_icon_amber1",2043,,,,,,,,,,,,,,,
"player_icon_gale1",,,0,0,,"sc/player_icons.sc","player_icon_gale1",2044,,,,,,,,,,,,,,,
"player_icon_colette1",,,0,0,,"sc/player_icons.sc","player_icon_colette1",2046,,,,,,,,,,,,,,,
"player_icon_surge1",,,0,0,,"sc/player_icons.sc","player_icon_surge1",2047,,,,,,,,,,,,,,,
"player_icon_sandy1",,,0,0,,"sc/player_icons.sc","player_icon_sandy1",2045,,,,,,,,,,,,,,,
"player_icon_sprout1",,,0,0,,"sc/player_icons.sc","player_icon_sprout1",2038,,,,,,,,,,,,,,,
"player_icon_ruffs1",,,0,0,,"sc/player_icons.sc","player_icon_ruffs1",2048,,,,,,,,,,,,,,,
"player_icon_belle1",,,0,0,,"sc/player_icons.sc","player_icon_belle1",2049,,,,,,,,,,,,,,,
"player_icon_otis1",,,0,0,,"sc/player_icons.sc","player_icon_otis1",2050,,,,,,,,,,,,,,,
"player_icon_janet1",,,0,0,,"sc/player_icons.sc","player_icon_janet1",2051,,,,,,,,,,,,,,,
"player_icon_carpet_carl",,,0,0,,"sc/player_icons.sc","player_icon_carpet_carl",3040,,,,,,,,,"WhirlwindRamadan",true,,,,,
"player_icon_popstar_janet",,,0,0,,"sc/player_icons.sc","player_icon_popstar_janet",3041,,,,750,19,,,,"JetpackGirlPopstar",,,,,,
"player_icon_easter_nani",,,0,0,,"sc/player_icons.sc","player_icon_easter_nani",3042,,,,750,19,,,,"ControllerEaster",,,,,,
"rank25",,,0,0,,"sc/player_icons.sc","player_icon_piper_pl1",1024,,,,,,,,,"SniperMariposa",true,,,,,
"rank26",,,0,0,,"sc/player_icons.sc","player_icon_piper_pl2",1025,,,,,,,,,,,,,,,
"player_icon_mask_dynamike",,,0,0,,"sc/player_icons.sc","player_icon_mask_dynamike",3043,,,,,,,,,"TntDudeTengu",true,,,,,
"player_icon_mask_lola",,,0,0,,"sc/player_icons.sc","player_icon_mask_lola",3044,,,,,,,,,"DuplicatorKitsune",true,,,,,
"player_icon_mask_otis",,,0,0,,"sc/player_icons.sc","player_icon_mask_otis",3045,,,,,,,,,"SilencerOni",true,,,,,
"player_icon_masks",,,0,0,,"sc/player_icons.sc","player_icon_masks",3046,,,,750,19,,,,,,,"MASKS",,,
"player_icon_biodome",,,0,0,,"sc/player_icons.sc","player_icon_biodome",3047,,,,750,19,,,,,,,"BIODOME",,,
"player_icon_womenday",,,0,0,,"sc/player_icons.sc","player_icon_womenday",3048,,,,750,19,,,,,,,"MISC",,,
"player_icon_starr",,,0,0,,"sc/player_icons.sc","player_icon_starr",3049,,,,750,19,,,,,,,"STARRPARK",,,
"player_icon_gray1",,,0,0,,"sc/player_icons.sc","player_icon_gray1",2038,,,,,,,,,,,,,,,
"player_icon_buzz1",,,0,0,,"sc/player_icons.sc","player_icon_buzz1",2052,,,,,,,,,,,,,,,
"player_icon_ash1",,,0,0,,"sc/player_icons.sc","player_icon_ash1",2053,,,,,,,,,,,,,,,
"player_icon_fang1",,,0,0,,"sc/player_icons.sc","player_icon_fang1",2054,,,,,,,,,,,,,,,
"player_icon_gus1",,,0,0,,"sc/player_icons.sc","player_icon_gus1",2055,,,,,,,,,,,,,,,
"player_icon_willow1",,,0,0,,"sc/player_icons.sc","player_icon_willow1",2056,,,,,,,,,,,,,,,
"player_icon_rt1",,,0,0,,"sc/player_icons.sc","player_icon_rt1",2057,,,,,,,,,,,,,,,
"player_icon_chester1",,,0,0,,"sc/player_icons.sc","player_icon_chester1",2058,,,,,,,,,,,,,,,
"player_icon_eve1",,,0,0,,"sc/player_icons.sc","player_icon_eve1",2059,,,,,,,,,,,,,,,
"player_icon_lola1",,,0,0,,"sc/player_icons.sc","player_icon_lola1",2060,,,,,,,,,,,,,,,
"player_icon_sam1",,,0,0,,"sc/player_icons.sc","player_icon_sam1",2061,,,,,,,,,,,,,,,
"player_icon_lou1",,,0,0,,"sc/player_icons.sc","player_icon_lou1",2062,,,,,,,,,,,,,,,
"player_icon_easter2023",,,0,0,,"sc/player_icons.sc","player_icon_easter2023",3050,,,,750,19,,,,,,,"BUNNY_BRIGADE",,,
"player_icon_buster1",,,0,0,,"sc/player_icons.sc","player_icon_buster1",2063,,,,,,,,,,,,,,,
"player_icon_mandy1",,,0,0,,"sc/player_icons.sc","player_icon_mandy1",2064,,,,,,,,,,,,,,,
"hero65",,,0,0,"Splitter","sc/player_icons.sc","player_icon_artie",717,,,,,,,,,,,,,,,
"hero66",,,0,0,"Puppeteer","sc/player_icons.sc","player_icon_willow",510,,,,,,,,,,,,,,,
"player_icon_bunny_brigade",,,0,0,,"sc/player_icons.sc","player_icon_bunny_brigade",3051,,,,750,19,,,,,,,"BUNNY_BRIGADE",,,
"player_icon_jungle",,,0,0,,"sc/player_icons.sc","player_icon_jungle",3052,,,,750,19,,,,,,,"JUNGLE",,,
"player_icon_olympus",,,0,0,,"sc/player_icons.sc","player_icon_olympus",3053,,,,750,19,,,,,,,"OLYMPUS",,,
"player_icon_gw1",,,0,0,,"sc/player_icons.sc","player_icon_gw1",3054,,,,750,19,,,,,,,"GOLDENWEEK",,,
"player_icon_gw2",,,0,0,,"sc/player_icons.sc","player_icon_gw2",3055,,,,750,19,,,,,,,"GOLDENWEEK",,,
"player_icon_gw3",,,0,0,,"sc/player_icons.sc","player_icon_gw3",3056,,,,750,19,,,,,,,,,,
"player_icon_bp_jungle",,,0,0,,"sc/player_icons.sc","player_icon_bp_jungle",3057,,,,,,,,,,,,,,,
"player_icon_colt_jungle",,,0,0,,"sc/player_icons.sc","player_icon_colt_jungle",3058,,,,,,,,,"GunslingerMonkey",true,,,,,
"player_icon_amazon_frog",,,0,0,,"sc/player_icons.sc","player_icon_amazon_frog",3059,,,,750,19,,,,,,,"JUNGLE",,,
"player_icon_maisie1",,,0,0,,"sc/player_icons.sc","player_icon_maisie1",2065,,,,,,,,,,,,,,,
"player_icon_lilt1",,,0,0,,"sc/player_icons.sc","player_icon_lilt1",2065,,,,,,,,,,,,,,,
"rank27",,,0,0,,"sc/player_icons.sc","player_icon_meg_jungle",1026,,,,,,,,,"MechaDudeJaguar",true,,,,,
"player_icon_buster_jungle",,,0,0,,"sc/player_icons.sc","player_icon_buster_jungle",3060,,,,,,,,,"ShieldTankCroc",true,,,,,
"player_icon_max_jungle",,,0,0,,"sc/player_icons.sc","player_icon_max_jungle",3061,,,,750,19,,,,"SpeedyLeopard",,,,,,
"player_icon_tick_olympus",,,0,0,,"sc/player_icons.sc","player_icon_tick_olympus",3062,,,,,,,,,"ClusterBombDudeCerberus",true,,,,,
"player_icon_brock_olympus",,,0,0,,"sc/player_icons.sc","player_icon_brock_olympus",3063,,,,,,,,,"RocketGirlZeus",true,,,,,
"player_icon_nani_olympus",,,0,0,,"sc/player_icons.sc","player_icon_nani_olympus",3064,,,,,,,,,"ControllerAres",true,,,,,
"player_icon_emz_gw",,,0,0,,"sc/player_icons.sc","player_icon_emz_gw",3065,,,,750,19,,,,"MummyHarajuku",,,,,,
"hero67",,,0,0,"Maisie","sc/player_icons.sc","player_icon_maisie",718,,,,,,,,,,,,,,,
"hero68",,,0,0,"FishTank","sc/player_icons.sc","player_icon_fishtank",411,,,,,,,,,,,,,,,
"player_icon_goldenkawaii",,,0,0,,"sc/player_icons.sc","player_icon_goldenkawaii",3066,,,,750,19,,,,,,,"GOLDENWEEK",,,
"player_icon_anniversary_china1",,,0,0,,"sc/player_icons.sc","player_icon_anniversary_china1",3067,,,,,,true,,,,,,,,,
"player_icon_anniversary_china2",,,0,0,,"sc/player_icons.sc","player_icon_anniversary_china2",3068,,,,,,true,,,,,,,,,
"player_icon_anniversary_china3",,,0,0,,"sc/player_icons.sc","player_icon_anniversary_china3",3069,,,,,,true,,,,,,,,,
"player_icon_bp_enchanted",,,0,0,,"sc/player_icons.sc","player_icon_bp_enchanted",3070,,,,,,,,,,,,,,,
"player_icon_crow_phoenix",,,0,0,,"sc/player_icons.sc","player_icon_crow_phoenix",3071,,,,,,,,,"CrowPheonix",true,,,,,
"player_icon_phoenix_fire",,,0,0,,"sc/player_icons.sc","player_icon_phoenix_fire",3072,,,,750,19,,,,,,,"PHOENIX",,,
"player_icon_enchanted",,,0,0,,"sc/player_icons.sc","player_icon_enchanted",3073,,,,750,19,,,,,,,"ENCHANTED",,,
"player_icon_velocirapids",,,0,0,,"sc/player_icons.sc","player_icon_velocirapids",3074,,,,750,19,,,,,,,"SUMMER",,,
"player_icon_cursed",,,0,0,,"sc/player_icons.sc","player_icon_cursed",3075,,,,750,19,,,,,,,"CURSED",,,
"player_icon_goldball",,,0,0,,"sc/player_icons.sc","player_icon_goldball",3076,,,,750,19,,,,,,,"GOLDENBALL",,,
"player_icon_meg_cursed",,,0,0,,"sc/player_icons.sc","player_icon_meg_cursed",3077,,,,,,,,,"MechaDudePirate",true,,,,,
"player_icon_griff_cursed",,,0,0,,"sc/player_icons.sc","player_icon_griff_cursed",3078,,,,,,,,,"AssaultShotgunTreasure",true,,,,,
"player_icon_bibi_cursed",,,0,0,,"sc/player_icons.sc","player_icon_bibi_cursed",3079,,,,,,,,,"BaseballPirate",true,,,,,
"player_icon_janet_enchanted",,,0,0,,"sc/player_icons.sc","player_icon_janet_enchanted",3080,,,,,,,,,"JetpackGirlDarkFairy",true,,,,,
"player_icon_surge_cursed",,,0,0,,"sc/player_icons.sc","player_icon_surge_cursed",3081,,,,,,,,,"PowerLevelerKraken",true,,,,,
"player_icon_8bit_enchanted",,,0,0,,"sc/player_icons.sc","player_icon_8bit_enchanted",3082,,,,,,,,,"ArcadeHauntedHouse",true,,,,,
"rank28",,,0,0,,"sc/player_icons.sc","player_icon_lou_enchanted",1027,,,,,,,,,"IceDudeStonetroll",true,,,,,
"player_icon_chester_enchanted",,,0,0,,"sc/player_icons.sc","player_icon_chester_enchanted",3084,,,,750,19,,,,"JesterWoodspirit",,,,,,
"player_icon_cordelius1",,,0,0,,"sc/player_icons.sc","player_icon_cordelius1",2066,,,,,,,,,,,,,,,
"player_icon_doug1",,,0,0,,"sc/player_icons.sc","player_icon_doug1",2066,,,,,,,,,,,,,,,
"hero69",,,0,0,"Duelist","sc/player_icons.sc","player_icon_cordelius",719,,,,,,,,,,,,,,,
"hero70",,,0,0,"Reviver","sc/player_icons.sc","player_icon_doug",412,,,,,,,,,,,,,,,
"player_icon_colt_overcharge",,,0,0,,"sc/player_icons.sc","player_icon_colt_overcharge",6001,,,,,,,true,,,,,,"Gunslinger",,
"player_icon_bull_overcharge",,,0,0,,"sc/player_icons.sc","player_icon_bull_overcharge",6002,,,,,,,true,,,,,,"BullDude",,
"player_icon_jacky_overcharge",,,0,0,,"sc/player_icons.sc","player_icon_jacky_overcharge",6003,,,,,,,true,,,,,,"Driller",,
"player_icon_shelly_overcharge",,,0,0,,"sc/player_icons.sc","player_icon_shelly_overcharge",6004,,,,,,,true,,,,,,"ShotgunGirl",,
"player_icon_spike_overcharge",,,0,0,,"sc/player_icons.sc","player_icon_spike_overcharge",6005,,,,,,,true,,,,,,"Cactus",,
"rank29",,,0,0,,"sc/player_icons.sc","player_icon_maisie_wasteland",1028,,,,,,,,,"MaisieWasteland",true,,,,,
"player_icon_hank_wasteland",,,0,0,,"sc/player_icons.sc","player_icon_hank_wasteland",3083,,,,,,,,,"FishTankWasteland",true,,,,,
"player_icon_willow_wasteland",,,0,0,,"sc/player_icons.sc","player_icon_willow_wasteland",3084,,,,750,19,,,,"PuppeteerWasteland",,,,,,
"player_icon_cordelius_wasteland",,,0,0,,"sc/player_icons.sc","player_icon_cordelius_wasteland",3085,,,,,,,,,"DuelistWasteland",true,,,,,
"player_icon_stu_university",,,0,0,,"sc/player_icons.sc","player_icon_stu_university",3086,,,,,,,,,"RollerUniversity",true,,,,,
"player_icon_rosa_university",,,0,0,,"sc/player_icons.sc","player_icon_rosa_university",3087,,,,,,,,,"RosaUniversity",true,,,,,
"player_icon_squeak_university",,,0,0,,"sc/player_icons.sc","player_icon_squeak_university",3088,,,,,,,,,"StickyBombUniversity",true,,,,,
"player_icon_janet_moon",,,0,0,,"sc/player_icons.sc","player_icon_janet_moon",3089,,,,,,,,,"JetpackGirlMoon",true,,,,,
"player_icon_mandy_harvest",,,0,0,,"sc/player_icons.sc","player_icon_mandy_harvest",3090,,,,,,,,,"Beamerharvest",true,,,,,
"player_icon_edgar_mecha",,,0,0,,"sc/player_icons.sc","player_icon_edgar_mecha",3090,,,,,,,,,"EnragerMecha",true,,,,,
"player_icon_bp_wasteland",,,0,0,,"sc/player_icons.sc","player_icon_bp_wasteland",3091,,,,,,,,,,,,,,,
"player_icon_pearl1",,,0,0,,"sc/player_icons.sc","player_icon_pearl1",2066,,,,,,,,,,,,,,,
"player_icon_chuck1",,,0,0,,"sc/player_icons.sc","player_icon_chuck1",2067,,,,,,,,,,,,,,,
"player_icon_pearl_overcharge",,,0,0,,"sc/player_icons.sc","player_icon_pearl_overcharge",6006,,,,,,,true,,,,,,"Cooker",,
"player_icon_brawloween1",,,0,0,,"sc/player_icons.sc","player_icon_brawloween1",3092,,,,750,19,,,,,,,"BRAWLOWEEN",,,
"player_icon_brawloween2",,,0,0,,"sc/player_icons.sc","player_icon_brawloween2",3093,,,,750,19,,,,,,,"BRAWLOWEEN",,,
"player_icon_brawloween3",,,0,0,,"sc/player_icons.sc","player_icon_brawloween3",3094,,,,750,19,,,,,,,"BRAWLOWEEN",,,
"player_icon_brawloween4",,,0,0,,"sc/player_icons.sc","player_icon_brawloween4",3095,,,,750,19,,,,,,,"BRAWLOWEEN",,,
"player_icon_brawloween5",,,0,0,,"sc/player_icons.sc","player_icon_brawloween5",3096,,,,750,19,,,,,,,"BRAWLOWEEN",,,
"player_icon_classof2023",,,0,0,,"sc/player_icons.sc","player_icon_classof2023",3097,,,,750,19,,,,,,,"UNIVERSITY",,,
"player_icon_university",,,0,0,,"sc/player_icons.sc","player_icon_university",3098,,,,750,19,,,,,,,"UNIVERSITY",,,
"player_icon_esports2023_badge",,,0,0,,"sc/player_icons.sc","player_icon_esports2023_badge",3099,,,,,,,,,,,,,,,
"player_icon_mecha_edgar_event",,,0,0,,"sc/player_icons.sc","player_icon_mecha_edgar_event",3100,,,,750,19,,,,,,,"MECHA",,,
"player_icon_academy",,,0,0,,"sc/player_icons.sc","player_icon_academy",3101,,,,750,19,,,,,,,"UNIVERSITY",,,
"hero71",,,0,0,"Cooker","sc/player_icons.sc","player_icon_pearl",413,,,,,,,,,,,,,,,
"hero72",,,0,0,"Conductor","sc/player_icons.sc","player_icon_chuck",720,,,,,,,,,,,,,,,
"player_icon_esports_fut",,,0,0,,"sc/player_icons.sc","player_icon_esports_fut",5011,,,,,19,,,,,,,"WF_2020",,,
"player_icon_esports_luminosity",,,0,0,,"sc/player_icons.sc","player_icon_esports_luminosity",5012,,,,,19,,,,,,,"WF_2020",,,
"player_icon_colette_overcharge",,,0,0,,"sc/player_icons.sc","player_icon_colette_overcharge",6007,,,,,,,true,,,,,,"Percenter",,
"player_icon_rosa_overcharge",,,0,0,,"sc/player_icons.sc","player_icon_rosa_overcharge",6008,,,,,,,true,,,,,,"Rosa",,
"player_icon_lou_overcharge",,,0,0,,"sc/player_icons.sc","player_icon_lou_overcharge",6009,,,,,,,true,,,,,,"IceDude",,
"player_icon_maisie_overcharge",,,0,0,,"sc/player_icons.sc","player_icon_maisie_overcharge",6010,,,,,,,true,,,,,,"Maisie",,
"player_icon_jessie_overcharge",,,0,0,,"sc/player_icons.sc","player_icon_jessie_overcharge",6011,,,,,,,true,,,,,,"Mechanic",,
"player_icon_charly_overcharge",,,0,0,,"sc/player_icons.sc","player_icon_charly_overcharge",6012,,,,,,,true,,,,,,"Cocooner",,
"player_icon_supercell_logo",,,0,0,,"sc/player_icons.sc","player_icon_supercell_logo",3102,,,,,,,true,,,,,,,,
"player_icon_bp_circus",,,0,0,,"sc/player_icons.sc","player_icon_bp_circus",3103,,,,,,,,,,,,,,,
"player_icon_hindu",,,0,0,,"sc/player_icons.sc","player_icon_hindu",3104,,,,750,19,,,,,,,"HINDU",,,
"player_icon_cctv",,,0,0,,"sc/player_icons.sc","player_icon_cctv",3105,,,,750,19,,,,,,,"STARRPARK",,,
"hero73",,,0,0,"Cocooner","sc/player_icons.sc","player_icon_charlie",414,,,,,,,,,,,,,,,
"player_icon_charlie1",,,0,0,,"sc/player_icons.sc","player_icon_charlie1",2068,,,,,,,,,,,,,,,
"player_icon_mortis_retro",,,0,0,,"sc/player_icons.sc","player_icon_mortis_retro",3106,,,,,,,,,"UndertakerGreaser",true,,,,,
"player_icon_brock_retro",,,0,0,,"sc/player_icons.sc","player_icon_brock_retro",3107,,,,,,,,,"RocketGirlHotrod",true,,,,,
"player_icon_barley_retro",,,0,0,,"sc/player_icons.sc","player_icon_barley_retro",3108,,,,,,,,,"BarkeepMs",true,,,,,
"player_icon_rebel_lola",,,0,0,,"sc/player_icons.sc","player_icon_rebel_lola",3109,,,,,,,,,"DuplicatorCholaChroma",true,,,,,
"player_icon_nita_circus",,,0,0,,"sc/player_icons.sc","player_icon_nita_circus",3110,,,,,,,,,"ShamanDarkcircus",true,,,,,
"player_icon_byron_circus",,,0,0,,"sc/player_icons.sc","player_icon_byron_circus",3111,,,,,,,,,"SnakeOilDarkcircus",true,,,,,
"rank30",,,0,0,,"sc/player_icons.sc","player_icon_lola_circus",1029,,,,,,,,,"DuplicatorDarkcircus",true,,,,,
"player_icon_frank_hindu",,,0,0,,"sc/player_icons.sc","player_icon_frank_hindu",3112,,,,,,,,,"HammerDudeHindu",true,,,,,
"player_icon_grom_hindu",,,0,0,,"sc/player_icons.sc","player_icon_grom_hindu",3113,,,,,,,,,"CrossBomberHindu",true,,,,,
"player_icon_bo_hindu",,,0,0,,"sc/player_icons.sc","player_icon_bo_hindu",3114,,,,,,,,,"BowDudeHinduChroma",true,,,,,
"player_icon_leon_wolf",,,0,0,,"sc/player_icons.sc","player_icon_leon_wolf",3115,,,,,,,,,"NinjaBrawloween",true,,,,,
"player_icon_shelly_witch",,,0,0,,"sc/player_icons.sc","player_icon_shelly_witch",3116,,,,,,,,,"ShotgunGirlBrawloween",true,,,,,
"player_icon_fang_pumpkin",,,0,0,,"sc/player_icons.sc","player_icon_fang_pumpkin",3117,,,,,,,,,"KickerDudeMake",true,,,,,
"player_icon_mike_robo",,,0,0,,"sc/player_icons.sc","player_icon_mike_robo",3118,,,,,,,,,"TntDudeMecha",true,,,,,
"player_icon_pam_queen",,,0,0,,"sc/player_icons.sc","player_icon_pam_queen",3119,,,,,,,,,"MinigunDudeQueen",true,,,,,
"player_icon_mortis_hockey",,,0,0,,"sc/player_icons.sc","player_icon_mortis_hockey",3120,,,,,,,,,"UndertakerUndertakerHockey",true,,,,,
"player_icon_razer",,,0,0,,"sc/player_icons.sc","player_icon_razer",3121,,,,,,,true,,,,,,,,
"player_icon_retropolis",,,0,0,,"sc/player_icons.sc","player_icon_retropolis",3122,,,,750,19,,,,,,,"RETRO",,,
"player_icon_mike_overcharge",,,0,0,,"sc/player_icons.sc","player_icon_mike_overcharge",6013,,,,,,,true,,,,,,"TntDude",,
"player_icon_edgar_overcharge",,,0,0,,"sc/player_icons.sc","player_icon_edgar_overcharge",6014,,,,,,,true,,,,,,"Enrager",,
"player_icon_crow_overcharge",,,0,0,,"sc/player_icons.sc","player_icon_crow_overcharge",6015,,,,,,,true,,,,,,"Crow",,
"player_icon_fang_overcharge",,,0,0,,"sc/player_icons.sc","player_icon_fang_overcharge",6016,,,,,,,true,,,,,,"KickerDude",,
"player_icon_leon_overcharge",,,0,0,,"sc/player_icons.sc","player_icon_leon_overcharge",6017,,,,,,,true,,,,,,"Ninja",,
"player_icon_mico_overcharge",,,0,0,,"sc/player_icons.sc","player_icon_mico_overcharge",6018,,,,,,,true,,,,,,"Leaper",,
"player_icon_anniversary5",,true,0,0,,"sc/player_icons.sc","player_icon_anniversary5",3123,,,,,,,,,,,,,,,
"player_icon_holiday_chroma",,,0,0,,"sc/player_icons.sc","player_icon_holiday_chroma",3124,,,,,,,,,,,,,,,
"player_icon_bp_cartoon",,,0,0,,"sc/player_icons.sc","player_icon_bp_cartoon",3125,,,,,,,,,,,,,,,
"player_icon_bp_dragon",,,0,0,,"sc/player_icons.sc","player_icon_bp_dragon",3126,,,,,,,,,,,,,,,
"player_icon_8bit_virus",,,0,0,,"sc/player_icons.sc","player_icon_8bit_virus",3127,,,,,,,,,"ArcadeVirusChroma",true,,,,,
"player_icon_colette_cartoon",,,0,0,,"sc/player_icons.sc","player_icon_colette_cartoon",3128,,,,,,,,,"Percenteranime",true,,,,,
"player_icon_fang_lny",,,0,0,,"sc/player_icons.sc","player_icon_fang_lny",3129,,,,,,,,,"KickerDudeFuriousChroma",true,,,,,
"player_icon_frank_royale",,,0,0,,"sc/player_icons.sc","player_icon_frank_royale",3130,,,,,,,,,"HammerDudeClashKingChromaBlue",true,,,,,
"player_icon_kit_lny",,,0,0,,"sc/player_icons.sc","player_icon_kit_lny",3131,,,,,,,,,"AttacherBoxer",true,,,,,
"player_icon_miko_darkmas",,,0,0,,"sc/player_icons.sc","player_icon_miko_darkmas",3132,,,,,,,,,"LeaperDarkXmas",true,,,,,
"player_icon_miko_lny",,,0,0,,"sc/player_icons.sc","player_icon_miko_lny",3133,,,,,,,,,"Leaperwukong",true,,,,,
"player_icon_otis_wf",,,0,0,,"sc/player_icons.sc","player_icon_otis_wf",3134,,,,,,,,,"SilencerWorldfinals",true,,,,,
"player_icon_piper_carnaval",,,0,0,,"sc/player_icons.sc","player_icon_piper_carnaval",3135,,,,,,,,,"SniperCarnival",true,,,,,
"player_icon_poco_origins",,,0,0,,"sc/player_icons.sc","player_icon_poco_origins",3136,,,,,,,,,"DeadMariachiorigins",true,,,,,
"player_icon_primo_superb",,,0,0,,"sc/player_icons.sc","player_icon_primo_superb",3137,,,,,,,,,"LuchadorSuperbowl",true,,,,,
"rank31",,,0,0,,"sc/player_icons.sc","player_icon_rico_cartoon",1030,,,,,,,,,"TrickshotDudeDevil",true,,,,,
"player_icon_spike_cartoon",,,0,0,,"sc/player_icons.sc","player_icon_spike_cartoon",3138,,,,,,,,,"Cactuscartoon",true,,,,,
"player_icon_stu_xmas",,,0,0,,"sc/player_icons.sc","player_icon_stu_xmas",3139,,,,,,,,,"RollerChristmas",true,,,,,
"player_icon_miko1",,,0,0,,"sc/player_icons.sc","player_icon_miko1",2069,,,,,,,,,,,,,,,
"player_icon_kit1",,,0,0,,"sc/player_icons.sc","player_icon_kit1",2070,,,,,,,,,,,,,,,
"player_icon_twins1",,,0,0,,"sc/player_icons.sc","player_icon_twins1",2071,,,,,,,,,,,,,,,
"player_icon_thank_you",,,0,0,,"sc/player_icons.sc","player_icon_thank_you",3138,,,,750,19,,,,,,,"MISC",,,
"hero74",,,0,0,"Leaper","sc/player_icons.sc","player_icon_mico",721,,,,,,,,,,,,,,,
"hero75",,,0,0,"Attacher","sc/player_icons.sc","player_icon_kit",722,,,,,,,,,,,,,,,
"player_icon_ash_pizza",,,0,0,,"sc/player_icons.sc","player_icon_ash_pizza",3139,,,,,,,,,"KnightPizza",true,,,,,
"player_icon_emz_fan",,,0,0,,"sc/player_icons.sc","player_icon_emz_fan",3140,,,,,,,,,"MummyGiftShop",true,,,,,
"player_icon_dynamike_spicy",,,0,0,,"sc/player_icons.sc","player_icon_dynamike_spicy",3141,,,,,,,,,"TntGuyChef",true,,,,,
"player_icon_colt_make",,,0,0,,"sc/player_icons.sc","player_icon_colt_make",3142,,,,,,,,,"GunslingerDarkAngel",true,,,,,
"hero76",,,0,0,"Twins","sc/player_icons.sc","player_icon_twins",723,,,,,,,,,,,,,,,
"player_icon_frank_royale_red",,,0,0,,"sc/player_icons.sc","player_icon_frank_royale_red",3143,,,,,,,,,"HammerDudeClashKingChromaRed",true,,,,,
"player_icon_8bit_virus_og",,,0,0,,"sc/player_icons.sc","player_icon_8bit_virus_og",3144,,,,,,,,,"ArcadeVirus",true,,,,,
"player_icon_belle_overcharge",,,0,0,,"sc/player_icons.sc","player_icon_belle_overcharge",6019,,,,,,,true,,,,,,"ElectroSniper",,
"player_icon_bibi_overcharge",,,0,0,,"sc/player_icons.sc","player_icon_bibi_overcharge",6020,,,,,,,true,,,,,,"Baseball",,
"player_icon_buzz_overcharge",,,0,0,,"sc/player_icons.sc","player_icon_buzz_overcharge",6021,,,,,,,true,,,,,,"RopeDude",,
"player_icon_cordelius_overcharge",,,0,0,,"sc/player_icons.sc","player_icon_cordelius_overcharge",6022,,,,,,,true,,,,,,"Duelist",,
"player_icon_primo_overcharge",,,0,0,,"sc/player_icons.sc","player_icon_primo_overcharge",6023,,,,,,,true,,,,,,"Luchador",,
"player_icon_sprout_overcharge",,,0,0,,"sc/player_icons.sc","player_icon_sprout_overcharge",6024,,,,,,,true,,,,,,"Wally",,
"player_icon_bp_sandsoftime",,,0,0,,"sc/player_icons.sc","player_icon_bp_sandsoftime",3145,,,,,,,,,,,,,,,
"player_icon_bp_ragnarok",,,0,0,,"sc/player_icons.sc","player_icon_bp_ragnarok",3146,,,,,,,,,,,,,,,
"player_icon_fame_earth",,,0,0,,"sc/player_icons.sc","player_icon_fame_earth",7001,,,,,,,,,,,,,,,"Global2"
"player_icon_fame_moon",,,0,0,,"sc/player_icons.sc","player_icon_fame_moon",7002,,,,,,,,,,,,,,,"Lunar2"
"player_icon_fame_mars",,,0,0,,"sc/player_icons.sc","player_icon_fame_mars",7003,,,,,,,,,,,,,,,"Martial2"
"player_icon_fame_saturn",,,0,0,,"sc/player_icons.sc","player_icon_fame_saturn",7004,,,,,,,,,,,,,,,"Saturnal2"
"player_icon_fame_sun",,,0,0,,"sc/player_icons.sc","player_icon_fame_sun",7005,,,,,,,,,,,,,,,"Solar2"
"player_icon_fame_meteor",,,0,0,,"sc/player_icons.sc","player_icon_fame_meteor",7006,,,,,,,,,,,,,,,"Meteor2"
"player_icon_ranked_sandsoftime",,,0,0,,"sc/player_icons.sc","player_icon_ranked_sandsoftime",1031,,,,,,,,,,,,,,,
"player_icon_ranked_ragnarok",,,0,0,,"sc/player_icons.sc","player_icon_ranked_ragnarok",1032,,,,,,,,,,,,,,,
"player_icon_crow_mecha",,,0,0,,"sc/player_icons.sc","player_icon_crow_mecha",3147,,,,,,,,,"CrowMecha",true,,,,,
"player_icon_angelo1",,,0,0,,"sc/player_icons.sc","player_icon_angelo1",2072,,,,,,,,,,,,,,,
"player_icon_melody1",,,0,0,,"sc/player_icons.sc","player_icon_melody1",2073,,,,,,,,,,,,,,,
"player_icon_bibi_ragnarok",,,0,0,,"sc/player_icons.sc","player_icon_bibi_ragnarok",3148,,,,,,,,,"BaseballThor",true,,,,,
"player_icon_brock_line",,,0,0,,"sc/player_icons.sc","player_icon_brock_line",3149,,,,,,,,,"RocketGirlBrown",true,,,,,
"player_icon_chester_ragnarok",,,0,0,,"sc/player_icons.sc","player_icon_chester_ragnarok",3150,,,,,,,,,"JesterLoki",true,,,,,
"player_icon_chuck_sands",,,0,0,,"sc/player_icons.sc","player_icon_chuck_sands",3151,,,,,,,,,"ConductorScorpion",true,,,,,
"player_icon_cordelius_ragnarok",,,0,0,,"sc/player_icons.sc","player_icon_cordelius_ragnarok",3152,,,,,,,,,"DuelistOdin",true,,,,,
"player_icon_dynamike_sands",,,0,0,,"sc/player_icons.sc","player_icon_dynamike_sands",3153,,,,,,,,,"TntDudeDynastic",true,,,,,
"player_icon_edgar_sands",,,0,0,,"sc/player_icons.sc","player_icon_edgar_sands",3154,,,,,,,,,"EnragerThief",true,,,,,
"player_icon_fang_baseball",,,0,0,,"sc/player_icons.sc","player_icon_fang_baseball",3155,,,,,,,,,"KickerDudeBaseballRed",true,,,,,
"player_icon_jessie_ragnarok",,,0,0,,"sc/player_icons.sc","player_icon_jessie_ragnarok",3156,,,,,,,,,"MechanicSkadi",true,,,,,
"player_icon_shelly_sands",,,0,0,,"sc/player_icons.sc","player_icon_shelly_sands",3157,,,,,,,,,"ShotgunGirlDancer",true,,,,,
"player_icon_spike_poop",,,0,0,,"sc/player_icons.sc","player_icon_spike_poop",3158,,,,,,,,,"CactusPoop",true,,,,,
"player_icon_buzz_ragnarok",,,0,0,,"sc/player_icons.sc","player_icon_buzz_ragnarok",3159,,,,,,,,,"RopeDudeFenrir",true,,,,,
"player_icon_colt_mecha",,,0,0,,"sc/player_icons.sc","player_icon_colt_mecha",3160,,,,,,,,,"GunslingerMecha",true,,,,,
"player_icon_fang_baseball_chroma",,,0,0,,"sc/player_icons.sc","player_icon_fang_baseball_chroma",3161,,,,,,,,,"KickerDudeBaseballBlue",true,,,,,
"player_icon_leon_mecha",,,0,0,,"sc/player_icons.sc","player_icon_leon_mecha",3162,,,,,,,,,"NinjaMecha",true,,,,,
"player_icon_surge_sands",,,0,0,,"sc/player_icons.sc","player_icon_surge_sands",3163,,,,,,,,,"PowerLevelerGenie",true,,,,,
"player_icon_spike_robo",,,0,0,,"sc/player_icons.sc","player_icon_spike_robo",3164,,,,,,,,,"Cactusmecha",true,,,,,
"player_icon_sprout_lunar",,,0,0,,"sc/player_icons.sc","player_icon_sprout_lunar",3165,,,,,,,,,"WallyMoon",true,,,,,
"player_icon_primo_shark",,,0,0,,"sc/player_icons.sc","player_icon_primo_shark",3166,,,,,,,,,"LuchadorBabyShark",true,,,,,
"player_icon_piper_lunar",,,0,0,,"sc/player_icons.sc","player_icon_piper_lunar",3167,,,,,,,,,"SniperMoon",true,,,,,
"hero77",,,0,0,"AxeJuggler","sc/player_icons.sc","player_icon_melody",724,,,,,,,,,,,,,,,
"hero78",,,0,0,"InsectMan","sc/player_icons.sc","player_icon_angelo",725,,,,,,,,,,,,,,,
"player_icon_8bit_ranked_chroma",,,0,0,,"sc/player_icons.sc","player_icon_8bit_ranked_chroma",3168,,,,,,,,,"ArcadePiano_black",true,,,,,
"player_icon_brock_sentai_black",,,0,0,,"sc/player_icons.sc","player_icon_brock_sentai_black",3169,,,,,,,,,"RocketGirlRanger_black",true,,,,,
"player_icon_brock_sentai_blue",,,0,0,,"sc/player_icons.sc","player_icon_brock_sentai_blue",3170,,,,,,,,,"RocketGirlRanger_blue",true,,,,,
"player_icon_brock_sentai_pink",,,0,0,,"sc/player_icons.sc","player_icon_brock_sentai_pink",3171,,,,,,,,,"RocketGirlRanger_pink",true,,,,,
"player_icon_brock_sentai_red",,,0,0,,"sc/player_icons.sc","player_icon_brock_sentai_red",3172,,,,,,,,,"RocketGirlRanger_red",true,,,,,
"player_icon_brock_sentai_yellow",,,0,0,,"sc/player_icons.sc","player_icon_brock_sentai_yellow",3173,,,,,,,,,"RocketGirlRanger_yellow",true,,,,,
"player_icon_buzz_ranked_chroma",,,0,0,,"sc/player_icons.sc","player_icon_buzz_ranked_chroma",3174,,,,,,,,,"RopeDudeDirector_blue",true,,,,,
"player_icon_byron_ranked_chroma",,,0,0,,"sc/player_icons.sc","player_icon_byron_ranked_chroma",3175,,,,,,,,,"SnakeOilWizard_white",true,,,,,
"player_icon_gene_samurai",,,0,0,,"sc/player_icons.sc","player_icon_gene_samurai",3176,,,,,,,,,"HookDudeMake",true,,,,,
"player_icon_jacky_ranked_chroma",,,0,0,,"sc/player_icons.sc","player_icon_jacky_ranked_chroma",3177,,,,,,,,,"DrillerJetski_purple",true,,,,,
"player_icon_nita_ranked_chroma",,,0,0,,"sc/player_icons.sc","player_icon_nita_ranked_chroma",3178,,,,,,,,,"ShamanDragon_black",true,,,,,
"player_icon_penny_ranked_chroma",,,0,0,,"sc/player_icons.sc","player_icon_penny_ranked_chroma",3179,,,,,,,,,"ArtilleryDudeSmuggler_orange",true,,,,,
"player_icon_sandy_nightmare",,,0,0,,"sc/player_icons.sc","player_icon_sandy_nightmare",3180,,,,,,,,,"SandstormMake",true,,,,,
"player_icon_shelly_squad",,,0,0,,"sc/player_icons.sc","player_icon_shelly_squad",3181,,,,,,,,,"ShotgunGirlSquad",true,,,,,
"player_icon_bp_godzilla",,,0,0,,"sc/player_icons.sc","player_icon_bp_godzilla",3182,,,,,,,,,,,,,,,
"player_icon_bp_hackers",,,0,0,,"sc/player_icons.sc","player_icon_bp_hackers",3183,,,,,,,,,,,,,,,
"player_icon_godzilla_event1",,,0,0,,"sc/player_icons.sc","player_icon_godzilla_event1",3184,,,,750,19,,,,,,,"GODZILLA",,,
"player_icon_godzilla_event2",,,0,0,,"sc/player_icons.sc","player_icon_godzilla_event2",3185,,,,750,19,,,,,,,"GODZILLA",,,
"player_icon_mutated_logo",,,0,0,,"sc/player_icons.sc","player_icon_mutated_logo",3186,,,,750,19,,,,,,,"GODZILLA",,,
"player_icon_mutation",,,0,0,,"sc/player_icons.sc","player_icon_mutation",3187,,,,750,19,,,,,,,"GODZILLA",,,
"player_icon_pl_logo",,,0,0,,"sc/player_icons.sc","player_icon_pl_logo",1033,,,,,,,,,,,,,,,
"player_icon_ranked_godzilla",,,0,0,,"sc/player_icons.sc","player_icon_ranked_godzilla",1034,,,,,,,,,,,,,,,
"player_icon_ranked_hackers",,,0,0,,"sc/player_icons.sc","player_icon_ranked_hackers",1035,,,,,,,,,,,,,,,
"player_icon_ranked_logo",,,0,0,,"sc/player_icons.sc","player_icon_ranked_logo",1036,,,,,,,,,,,,,,,
"player_icon_esports_hackers",,,0,0,,"sc/player_icons.sc","player_icon_esports_hackers",5013,,,,,,,,,,,,,,,
"player_icon_max_overcharge",,,0,0,,"sc/player_icons.sc","player_icon_max_overcharge",6025,,,,,,,true,,,,,,"Speedy",,
"player_icon_gene_overcharge",,,0,0,,"sc/player_icons.sc","player_icon_gene_overcharge",6026,,,,,,,true,,,,,,"HookDude",,
"player_icon_nita_overcharge",,,0,0,,"sc/player_icons.sc","player_icon_nita_overcharge",6027,,,,,,,true,,,,,,"Shaman",,
"player_icon_brock_overcharge",,,0,0,,"sc/player_icons.sc","player_icon_brock_overcharge",6028,,,,,,,true,,,,,,"RocketGirl",,
"player_icon_sandy_overcharge",,,0,0,,"sc/player_icons.sc","player_icon_sandy_overcharge",6029,,,,,,,true,,,,,,"Sandstorm",,
"player_icon_tick_overcharge",,,0,0,,"sc/player_icons.sc","player_icon_tick_overcharge",6030,,,,,,,true,,,,,,"ClusterBombDude",,
"player_icon_brawlball_foot",,,0,0,,"sc/player_icons.sc","player_icon_brawlball_foot",3188,,,,750,19,,,,,,,,,,
"player_icon_classic_brawl",,,0,0,,"sc/player_icons.sc","player_icon_classic_brawl",3189,,,,,,,,,,,,,,,
"hero79",,,0,0,"Ambusher","sc/player_icons.sc","player_icon_lily",726,,,,,,,,,,,,,,,
"hero80",,,0,0,"DragonRider","sc/player_icons.sc","player_icon_draco",727,,,,,,,,,,,,,,,
"player_icon_draco_special",,,0,0,,"sc/player_icons.sc","player_icon_draco_special",3190,,,,,,,,,,,,,,,
"player_icon_lily1",,,0,0,,"sc/player_icons.sc","player_icon_lily1",2074,,,,,,,,,,,,,,,
"player_icon_draco1",,,0,0,,"sc/player_icons.sc","player_icon_draco1",2075,,,,,,,,,,,,,,,
"player_icon_amber_frozequeen",,,0,0,,"sc/player_icons.sc","player_icon_amber_frozequeen",3191,,,,,,,,,"FireDudeFrost",true,,,,,
"player_icon_bibi_virus",,,0,0,,"sc/player_icons.sc","player_icon_bibi_virus",3192,,,,,,,,,"BaseballGamer_remake",true,,,,,
"player_icon_bo_mecha",,,0,0,,"sc/player_icons.sc","player_icon_bo_mecha",3193,,,,,,,,,"BoMecha",true,,,,,
"player_icon_brock_virus",,,0,0,,"sc/player_icons.sc","player_icon_brock_virus",3194,,,,,,,,,"RocketGirlVirus",true,,,,,
"player_icon_buzz_godzilla",,,0,0,,"sc/player_icons.sc","player_icon_buzz_godzilla",3195,,,,,,,,,"RopeDudeGodzilla",true,,,,,
"player_icon_charlie_virus",,,0,0,,"sc/player_icons.sc","player_icon_charlie_virus",3196,,,,,,,,,"CocoonerVirus",true,,,,,
"player_icon_eve_godzilla",,,0,0,,"sc/player_icons.sc","player_icon_eve_godzilla",3197,,,,,,,,,"FleaGodzilla",true,,,,,
"player_icon_fang_virus",,,0,0,,"sc/player_icons.sc","player_icon_fang_virus",3198,,,,,,,,,"KickerDudeVirus",true,,,,,
"player_icon_nita_godzilla",,,0,0,,"sc/player_icons.sc","player_icon_nita_godzilla",3199,,,,,,,,,"ShamanGodzilla",true,,,,,
"player_icon_surge_paladin_red",,,0,0,,"sc/player_icons.sc","player_icon_surge_paladin_red",3200,,,,,,,,,"PowerLevelerKnight_red",true,,,,,
"player_icon_tara_virus",,,0,0,,"sc/player_icons.sc","player_icon_tara_virus",3201,,,,,,,,,"BlackHoleStreetNinja_remake",true,,,,,
"player_icon_tick_godzilla",,,0,0,,"sc/player_icons.sc","player_icon_tick_godzilla",3202,,,,,,,,,"ClusterBombDudeGodzilla",true,,,,,
"player_icon_twins_virus",,,0,0,,"sc/player_icons.sc","player_icon_twins_virus",3203,,,,,,,,,"TwinsVirus",true,,,,,
"player_icon_bo_underworld",,,0,0,,"sc/player_icons.sc","player_icon_bo_underworld",3204,,,,,,,,,"BowDudeDemonic",true,,,,,
"player_icon_byron_overlord",,,0,0,,"sc/player_icons.sc","player_icon_byron_overlord",3205,,,,,,,,,"SnakeOilVillain",true,,,,,
"player_icon_emz_dj",,,0,0,,"sc/player_icons.sc","player_icon_emz_dj",3206,,,,,,,,,"MummyDj",true,,,,,
"player_icon_jacky_driller",,,0,0,,"sc/player_icons.sc","player_icon_jacky_driller",3207,,,,,,,,,"DrillerMonster",true,,,,,
"player_icon_piper_cupid",,,0,0,,"sc/player_icons.sc","player_icon_piper_cupid",3208,,,,,,,,,"SniperValentines",true,,,,,
"player_icon_poco_serenade",,,0,0,,"sc/player_icons.sc","player_icon_poco_serenade",3209,,,,,,,,,"PocoValentine",true,,,,,
"player_icon_poco_trash",,,0,0,,"sc/player_icons.sc","player_icon_poco_trash",3210,,,,,,,,,"DeadMariachiPunk",true,,,,,
"player_icon_tara_tempest",,,0,0,,"sc/player_icons.sc","player_icon_tara_tempest",3211,,,,,,,,,"BlackHoleDevious",true,,,,,
"player_icon_bea_mega",,,0,0,,"sc/player_icons.sc","player_icon_bea_mega",3212,,,,,,,,,"BeeSniperMonster",true,,,,,
"player_icon_eve_iny",,,0,0,,"sc/player_icons.sc","player_icon_eve_iny",3213,,,,,,,,,"FleaBiker",true,,,,,
"player_icon_gene_evil",,,0,0,,"sc/player_icons.sc","player_icon_gene_evil",3214,,,,,,,,,"HookDudeBazaar",true,,,,,
"player_icon_mortis_rogue",,,0,0,,"sc/player_icons.sc","player_icon_mortis_rogue",3215,,,,,,,,,"UndertakerBazaar",true,,,,,
"player_icon_classic_colt",,,0,0,,"sc/player_icons.sc","player_icon_classic_colt",3216,,,,750,19,,,,,,,,,,
"player_icon_classic_dynamike",,,0,0,,"sc/player_icons.sc","player_icon_classic_dynamike",3217,,,,750,19,,,,,,,,,,
"player_icon_classic_jessie",,,0,0,,"sc/player_icons.sc","player_icon_classic_jessie",3218,,,,750,19,,,,,,,,,,
"player_icon_classic_max",,,0,0,,"sc/player_icons.sc","player_icon_classic_max",3219,,,,750,19,,,,,,,,,,
"player_icon_classic_penny",,,0,0,,"sc/player_icons.sc","player_icon_classic_penny",3220,,,,750,19,,,,,,,,,,
"player_icon_classic_poco",,,0,0,,"sc/player_icons.sc","player_icon_classic_poco",3221,,,,750,19,,,,,,,,,,
"player_icon_classic_primo",,,0,0,,"sc/player_icons.sc","player_icon_classic_primo",3222,,,,750,19,,,,,,,,,,
"player_icon_classic_shelly",,,0,0,,"sc/player_icons.sc","player_icon_classic_shelly",3223,,,,750,19,,,,,,,,,,
"player_icon_belle_coral",,,0,0,,"sc/player_icons.sc","player_icon_belle_coral",3224,,,,,,,,,"ElectroSniperCoral",true,,,,,
"player_icon_crow_crowbone",,,0,0,,"sc/player_icons.sc","player_icon_crow_crowbone",3225,,,,,,,,,"CrowVulture",true,,,,,
"player_icon_dynamike_coach_blue",,,0,0,,"sc/player_icons.sc","player_icon_dynamike_coach_blue",3226,,,,,,,,,"TntDudePsg",true,,,,,
"player_icon_dynamike_coach_red",,,0,0,,"sc/player_icons.sc","player_icon_dynamike_coach_red",3227,,,,,,,,,"TntDudeFootball",true,,,,,
"player_icon_elprimo_dragongreen",,,0,0,,"sc/player_icons.sc","player_icon_elprimo_dragongreen",3228,,,,,,,,,"LuchadorDragon",true,,,,,
"player_icon_elprimo_dragonpink",,,0,0,,"sc/player_icons.sc","player_icon_elprimo_dragonpink",3229,,,,,,,,,"LuchadorDragonChroma",true,,,,,
"player_icon_elprimo_line",,,0,0,,"sc/player_icons.sc","player_icon_elprimo_line",3230,,,,,,,,,"LuchadorBrown",true,,,,,
"player_icon_elprimo_tigro",,,0,0,,"sc/player_icons.sc","player_icon_elprimo_tigro",3231,,,,,,,,,"LuchadorTiger",true,,,,,
"player_icon_gale_buster",,,0,0,,"sc/player_icons.sc","player_icon_gale_buster",3232,,,,,,,,,"BlowerBusters",true,,,,,
"player_icon_jessie_tanuki",,,0,0,,"sc/player_icons.sc","player_icon_jessie_tanuki",3233,,,,,,,,,"MechanicTanuki",true,,,,,
"player_icon_max_line",,,0,0,,"sc/player_icons.sc","player_icon_max_line",3234,,,,,,,,,"SpeedyLine",true,,,,,
"player_icon_nani_line",,,0,0,,"sc/player_icons.sc","player_icon_nani_line",3235,,,,,,,,,"ControllerLine",true,,,,,
"player_icon_poco_desperado",,,0,0,,"sc/player_icons.sc","player_icon_poco_desperado",3236,,,,,,,,,"DeadMariachiOutlaw",true,,,,,
"player_icon_rico_chicken",,,0,0,,"sc/player_icons.sc","player_icon_rico_chicken",3237,,,,,,,,,"TrickshotDudeChicken",true,,,,,
"player_icon_rosa_mantis",,,0,0,,"sc/player_icons.sc","player_icon_rosa_mantis",3238,,,,,,,,,"RosaMantis",true,,,,,
"player_icon_rt_cultist",,,0,0,,"sc/player_icons.sc","player_icon_rt_cultist",3239,,,,,,,,,"SplitterCultist",true,,,,,
"player_icon_sam_caesar",,,0,0,,"sc/player_icons.sc","player_icon_sam_caesar",3240,,,,,,,,,"WeaponThrowerEmperor",true,,,,,
"player_icon_sam_yeti",,,0,0,,"sc/player_icons.sc","player_icon_sam_yeti",3241,,,,,,,,,"WeaponThrowerYeti",true,,,,,
"player_icon_tara_misfortune",,,0,0,,"sc/player_icons.sc","player_icon_tara_misfortune",3242,,,,,,,,,"BlackHoleMisfortune",true,,,,,
"player_icon_barley_overcharge",,,0,0,,"sc/player_icons.sc","player_icon_barley_overcharge",6031,,,,,,,true,,,,,,"Barkeep",,
"player_icon_emz_overcharge",,,0,0,,"sc/player_icons.sc","player_icon_emz_overcharge",6032,,,,,,,true,,,,,,"Mummy",,
"player_icon_piper_overcharge",,,0,0,,"sc/player_icons.sc","player_icon_piper_overcharge",6033,,,,,,,true,,,,,,"Sniper",,
"player_icon_frank_overcharge",,,0,0,,"sc/player_icons.sc","player_icon_frank_overcharge",6034,,,,,,,true,,,,,,"HammerDude",,
"player_icon_gale_overcharge",,,0,0,,"sc/player_icons.sc","player_icon_gale_overcharge",6035,,,,,,,true,,,,,,"Blower",,
"player_icon_angelo_overcharge",,,0,0,,"sc/player_icons.sc","player_icon_angelo_overcharge",6036,,,,,,,true,,,,,,"InsectMan",,
"player_icon_rico_overcharge",,,0,0,,"sc/player_icons.sc","player_icon_rico_overcharge",6037,,,,,,,true,,,,,,"TrickshotDude",,
"player_icon_m",,,0,0,,"sc/player_icons.sc","player_icon_m",3243,,,,,,,true,,,,,,,,
"player_icon_eagle1",,,0,0,,"sc/player_icons.sc","player_icon_eagle1",3244,,,,750,19,,,,,,,"USA",,,
"player_icon_eagle2",,,0,0,,"sc/player_icons.sc","player_icon_eagle2",3245,,,,750,19,,,,,,,"USA",,,
"hero82",,,0,0,"Crab","sc/player_icons.sc","player_icon_clancy",728,,,,,,,,,,,,,,,
"hero81",,,0,0,"Painter","sc/player_icons.sc","player_icon_berry",729,,,,,,,,,,,,,,,
"player_icon_fame_alien",,,0,0,,"sc/player_icons.sc","player_icon_fame_alien",7007,,,,,,,,,,,,,,,"Alien2"
"player_icon_amber_masked",,,0,0,,"sc/player_icons.sc","player_icon_amber_masked",3246,,,,,,,,,"FireDudeMasked",true,,,,,
"player_icon_barley_pirates",,,0,0,,"sc/player_icons.sc","player_icon_barley_pirates",3247,,,,,,,,,"BarkeepPirate",true,,,,,
"player_icon_bea_neko_gold",,,0,0,,"sc/player_icons.sc","player_icon_bea_neko_gold",3248,,,,,,,,,"BeeSniperCatGold",true,,,,,
"player_icon_berry1",,,0,0,,"sc/player_icons.sc","player_icon_berry1",2076,,,,,,,,,"PainterDefault",true,,,,,
"player_icon_bo_horus",,,0,0,,"sc/player_icons.sc","player_icon_bo_horus",3250,,,,,,,,,"BowDudeHorus",true,,,,,
"player_icon_bonnie_emperor",,,0,0,,"sc/player_icons.sc","player_icon_bonnie_emperor",3251,,,,,,,,,"CannonGirlVillain",true,,,,,
"player_icon_bull_greek",,,0,0,,"sc/player_icons.sc","player_icon_bull_greek",3252,,,,,,,,,"BullDudeGreek",true,,,,,
"player_icon_bull_hub",,,0,0,,"sc/player_icons.sc","player_icon_bull_hub",3253,,,,,,,,,"BullDudeAlleycat",true,,,,,
"player_icon_buzz_candy",,,0,0,,"sc/player_icons.sc","player_icon_buzz_candy",3254,,,,,,,,,"RopeDudeLollipop",true,,,,,
"player_icon_clancy1",,,0,0,,"sc/player_icons.sc","player_icon_clancy1",2077,,,,,,,,,"CrabDefault",true,,,,,
"player_icon_darryl_candy",,,0,0,,"sc/player_icons.sc","player_icon_darryl_candy",3256,,,,,,,,,"BarrelBotCupcake",true,,,,,
"player_icon_doug_pirates",,,0,0,,"sc/player_icons.sc","player_icon_doug_pirates",3257,,,,,,,,,"ReviverPirate",true,,,,,
"player_icon_edgar_orochi",,,0,0,,"sc/player_icons.sc","player_icon_edgar_orochi",3258,,,,,,,,,"EnragerSnake",true,,,,,
"player_icon_elprimo_rey",,,0,0,,"sc/player_icons.sc","player_icon_elprimo_rey",3259,,,,,,,,,"LuchadorRey",true,,,,,
"player_icon_emz_greek",,,0,0,,"sc/player_icons.sc","player_icon_emz_greek",3260,,,,,,,,,"MummyGreek",true,,,,,
"player_icon_gale_deepsea",,,0,0,,"sc/player_icons.sc","player_icon_gale_deepsea",3261,,,,,,,,,"BlowerDeepsea",true,,,,,
"player_icon_janet_valkyrie",,,0,0,,"sc/player_icons.sc","player_icon_janet_valkyrie",3262,,,,,,,,,"JetpackGirlValkyrie",true,,,,,
"player_icon_meg_stuntshow",,,0,0,,"sc/player_icons.sc","player_icon_meg_stuntshow",3263,,,,,,,,,"MechaDudeMonsterTruck",true,,,,,
"player_icon_melodie_greek",,,0,0,,"sc/player_icons.sc","player_icon_melodie_greek",3264,,,,,,,,,"AxeJugglerGreek",true,,,,,
"player_icon_nita_shiba",,,0,0,,"sc/player_icons.sc","player_icon_nita_shiba",3265,,,,,,,,,"ShamanShiba",true,,,,,
"player_icon_penny_trashpanda",,,0,0,,"sc/player_icons.sc","player_icon_penny_trashpanda",3266,,,,,,,,,"ArtilleryDudeZombie",true,,,,,
"player_icon_piper_greek",,,0,0,,"sc/player_icons.sc","player_icon_piper_greek",3267,,,,,,,,,"SniperGreek",true,,,,,
"player_icon_rico_guard",,,0,0,,"sc/player_icons.sc","player_icon_rico_guard",3268,,,,,,,,,"TrickshotDudeBazaar",true,,,,,
"player_icon_rico_loaded_hc",,,0,0,,"sc/player_icons.sc","player_icon_rico_loaded_hc",3269,,,,,,,,,"TrickshotDudeKing_remake",true,,,,,
"player_icon_rico_loaded_old",,,0,0,,"sc/player_icons.sc","player_icon_rico_loaded_old",3270,,,,,,,,,"TrickshotGold",true,,,,,
"player_icon_rico_popcorn",,,0,0,,"sc/player_icons.sc","player_icon_rico_popcorn",3271,,,,,,,,,"TrickshotPopcorn",true,,,,,
"player_icon_rt_greek",,,0,0,,"sc/player_icons.sc","player_icon_rt_greek",3272,,,,,,,,,"SplitterGreek",true,,,,,
"player_icon_ruff_pirates",,,0,0,,"sc/player_icons.sc","player_icon_ruff_pirates",3273,,,,,,,,,"RuffsPirate",true,,,,,
"player_icon_sandy_deepsea",,,0,0,,"sc/player_icons.sc","player_icon_sandy_deepsea",3274,,,,,,,,,"SandstormDeepsea",true,,,,,
"player_icon_shelly_star",,,0,0,,"sc/player_icons.sc","player_icon_shelly_star",3275,,,,,,,,,"BanditGirlStar_remake",true,,,,,
"player_icon_spike_darklord",,,0,0,,"sc/player_icons.sc","player_icon_spike_darklord",3276,,,,,,,,,"CactusLord",true,,,,,
"player_icon_sprout_deepsea",,,0,0,,"sc/player_icons.sc","player_icon_sprout_deepsea",3277,,,,,,,,,"WallyDeepsea",true,,,,,
"player_icon_bp_deepsea",,,0,0,,"sc/player_icons.sc","player_icon_bp_deepsea",3278,,,,,,,,,,,,"DEEPSEA",,,
"player_icon_bp_olympic",,,0,0,,"sc/player_icons.sc","player_icon_bp_olympic",3279,,,,,,,,,,,,"OLYMPUS",,,
"player_icon_ohlala",,,0,0,,"sc/player_icons.sc","player_icon_ohlala",3280,,,,750,19,,,,,,,,,,
"player_icon_ranked_deepsea",,,0,0,,"sc/player_icons.sc","player_icon_ranked_deepsea",1037,,,,,,,,,,,,"DEEPSEA",,,
"player_icon_ranked_olympic",,,0,0,,"sc/player_icons.sc","player_icon_ranked_olympic",1038,,,,,,,,,,,,"OLYMPUS",,,
"player_icon_chester_festival",,,0,0,,"sc/player_icons.sc","player_icon_chester_festival",3281,,,,,,,,,"JesterHarvest",true,,,,,
"player_icon_crow_festival",,,0,0,,"sc/player_icons.sc","player_icon_crow_festival",3282,,,,,,,,,"CrowHarvest",true,,,,,
"player_icon_draco_darkonceupon",,,0,0,,"sc/player_icons.sc","player_icon_draco_darkonceupon",3283,,,,,,,,,"DragonRiderOnceupon",true,,,,,
"player_icon_frank_spiritknight",,,0,0,,"sc/player_icons.sc","player_icon_frank_spiritknight",3284,,,,,,,,,"HammerDudeknight",true,,,,,
"player_icon_kit_darkonceupon",,,0,0,,"sc/player_icons.sc","player_icon_kit_darkonceupon",3285,,,,,,,,,"AttacherOnceupon",true,,,,,
"player_icon_mortis_nightwitch",,,0,0,,"sc/player_icons.sc","player_icon_mortis_nightwitch",3286,,,,,,,,,"UndertakerNightwitch",true,,,,,
"player_icon_nani_darkonceupon",,,0,0,,"sc/player_icons.sc","player_icon_nani_darkonceupon",3287,,,,,,,,,"ControllerOnceupon",true,,,,,
"player_icon_poco_darkonceupon",,,0,0,,"sc/player_icons.sc","player_icon_poco_darkonceupon",3288,,,,,,,,,"DeadMariachiOnceupon",true,,,,,
"player_icon_surge_darkonceupon",,,0,0,,"sc/player_icons.sc","player_icon_surge_darkonceupon",3289,,,,,,,,,"PowerLevelerOnceupon",true,,,,,
"player_icon_mandy_darkonceupon",,,0,0,,"sc/player_icons.sc","player_icon_mandy_darkonceupon",3290,,,,,,,,,"BeamerOnceupon",true,,,,,
"player_icon_rosa_coco",,,0,0,,"sc/player_icons.sc","player_icon_rosa_coco",3291,,,,,,,,,"RosaCoco",true,,,,,
"player_icon_bp_sb",,,0,0,,"sc/player_icons.sc","player_icon_bp_sb",3292,,,,,,,,,,,,"SPONGEBOB",,,
"player_icon_ranked_sb",,,0,0,,"sc/player_icons.sc","player_icon_ranked_sb",1039,,,,,,,,,,,,"SPONGEBOB",,,
"player_icon_event_sb_1",,,0,0,,"sc/player_icons.sc","player_icon_event_sb_1",3293,,,,,,,,,,,,"SPONGEBOB",,,
"player_icon_event_sb_2",,,0,0,,"sc/player_icons.sc","player_icon_event_sb_2",3294,,,,,,,,,,,,"SPONGEBOB",,,
"player_icon_event_sb_3",,,0,0,,"sc/player_icons.sc","player_icon_event_sb_3",3295,,,,,,,,,,,,"SPONGEBOB",,,
"player_icon_elprimo_sb",,,0,0,,"sc/player_icons.sc","player_icon_elprimo_sb",3296,,,,,,,,,"LuchadorSB",true,,,,,
"player_icon_mortis_sb",,,0,0,,"sc/player_icons.sc","player_icon_mortis_sb",3297,,,,,,,,,"UndertakerSB",true,,,,,
"player_icon_buzz_sb",,,0,0,,"sc/player_icons.sc","player_icon_buzz_sb",3298,,,,,,,,,"RopeDudeSB",true,,,,,
"player_icon_darryl_sb",,,0,0,,"sc/player_icons.sc","player_icon_darryl_sb",3299,,,,,,,,,"BarrelBotSB",true,,,,,
"player_icon_fang_esports",,,0,0,,"sc/player_icons.sc","player_icon_fang_esports",3300,,,,,,,,,"KickerDudeWorldfinal",true,,,,,
"player_icon_pam_zombies",,,0,0,,"sc/player_icons.sc","player_icon_pam_zombies",3301,,,,,,,,,"MinigunDudeZombie",true,,,,,
"hero83",,,0,0,"Samurai","sc/player_icons.sc","player_icon_samurai",730,,,,,,,,,,,,,,,
"player_icon_bibi_heroine",,,0,0,,"sc/player_icons.sc","player_icon_bibi_heroine",3302,,,,,,,,,"BaseballGamer",true,,,,,
"player_icon_bp_darkonceupon",,,0,0,,"sc/player_icons.sc","player_icon_bp_darkonceupon",3303,,,,,,,,,,,,"ONCEUPON",,,
"player_icon_buzz_bornbad",,,0,0,,"sc/player_icons.sc","player_icon_buzz_bornbad",3304,,,,,,,,,"RopeDudePunk",true,,,,,
"player_icon_digger1",,,0,0,,"sc/player_icons.sc","player_icon_digger1",2078,,,,,,,,,"DiggerDefault",,,,,,
"player_icon_toxic",,,0,0,,"sc/player_icons.sc","player_icon_toxic",3305,,,,,,,,,,,,"ANGELDEMONS",,,
"player_icon_esports_ssg",,,0,0,,"sc/player_icons.sc","player_icon_esports_ssg",5014,,,,,19,,,,,,,"WF_2020",,,
"player_icon_event_moon_1",,,0,0,,"sc/player_icons.sc","player_icon_event_moon_1",3306,,,,,,,,,,,,"LUNAREVENT",,,
"player_icon_event_moon_2",,,0,0,,"sc/player_icons.sc","player_icon_event_moon_2",3307,,,,,,,,,,,,"LUNAREVENT",,,
"player_icon_amber_scmake",,,0,0,,"sc/player_icons.sc","player_icon_amber_scmake",3308,,,,,,,,,"FireDudeMake",true,,,,,
"player_icon_mrp_scmake",,,0,0,,"sc/player_icons.sc","player_icon_mrp_scmake",3309,,,,,,,,,"SpawnerDudeMake",true,,,,,
"player_icon_ranked_darkonceupon",,,0,0,,"sc/player_icons.sc","player_icon_ranked_darkonceupon",3310,,,,,,,,,,,,"ONCEUPON",,,
"player_icon_samurai1",,,0,0,,"sc/player_icons.sc","player_icon_samurai1",2079,,,,,,,,,"SamuraiDefault",,,,,,
"player_icon_necklace_sb",,,0,0,,"sc/player_icons.sc","player_icon_necklace_sb",3311,,,,,,,,,,,,,,,
"player_icon_nani_overcharge",,,0,0,,"sc/player_icons.sc","player_icon_nani_overcharge",6038,,,,,,,true,,,,,,"Controller",,
"player_icon_surge_overcharge",,,0,0,,"sc/player_icons.sc","player_icon_surge_overcharge",6039,,,,,,,true,,,,,,"PowerLeveler",,
"player_icon_poco_overcharge",,,0,0,,"sc/player_icons.sc","player_icon_poco_overcharge",6040,,,,,,,true,,,,,,"DeadMariachi",,
"player_icon_mortis_overcharge",,,0,0,,"sc/player_icons.sc","player_icon_mortis_overcharge",6041,,,,,,,true,,,,,,"Undertaker",,
"player_icon_squeak_overcharge",,,0,0,,"sc/player_icons.sc","player_icon_squeak_overcharge",6042,,,,,,,true,,,,,,"StickyBomb",,
"player_icon_tara_overcharge",,,0,0,,"sc/player_icons.sc","player_icon_tara_overcharge",6043,,,,,,,true,,,,,,"BlackHole",,
"hero84",,,0,0,"Digger","sc/player_icons.sc","player_icon_digger",731,,,,,,,,,,,,,,,
"player_icon_charlie_rose",,,0,0,,"sc/player_icons.sc","player_icon_charlie_rose",3312,,,,,,,,,"CocoonerRosie",true,,,,,
"player_icon_grom_frankengrom",,,0,0,,"sc/player_icons.sc","player_icon_grom_frankengrom",3313,,,,,,,,,"CrossBomberFranken",true,,,,,
"player_icon_leon_werewolf",,,0,0,,"sc/player_icons.sc","player_icon_leon_werewolf",3314,,,,,,,,,"NinjaWolf",true,,,,,
"player_icon_shelly_witch1",,,0,0,,"sc/player_icons.sc","player_icon_shelly_witch1",3315,,,,,,,,,"ShotgunGirlWitch",true,,,,,
"player_icon_stu_headlessrider",,,0,0,,"sc/player_icons.sc","player_icon_stu_headlessrider",3316,,,,,,,,,"RollerHeadless",true,,,,,
"player_icon_belle_scmake",,,0,0,,"sc/player_icons.sc","player_icon_belle_scmake",3317,,,,,,,,,"ElectroSniperSCmake",true,,,,,
"player_icon_bad_angelsdemons",,,0,0,,"sc/player_icons.sc","player_icon_bad_angelsdemons",3318,,,,,,,,,,,,"ANGELDEMONS",,,
"player_icon_colette_angelsdemons",,,0,0,,"sc/player_icons.sc","player_icon_colette_angelsdemons",3319,,,,,,,,,"PercenterChromaDemonRed",true,,,,,
"player_icon_colette_trixie",,,0,0,,"sc/player_icons.sc","player_icon_colette_trixie",3320,,,,,,,,,"PercenterTrixie",true,,,,,
"player_icon_cordelious_toons",,,0,0,,"sc/player_icons.sc","player_icon_cordelious_toons",3321,,,,,,,,,"DuelistToon",true,,,,,
"player_icon_edgar_angelsdemons",,,0,0,,"sc/player_icons.sc","player_icon_edgar_angelsdemons",3322,,,,,,,,,"EnragerAngel",true,,,,,
"player_icon_emz_angelsdemons",,,0,0,,"sc/player_icons.sc","player_icon_emz_angelsdemons",3323,,,,,,,,,"MummyDemon",true,,,,,
"player_icon_good_angelsdemons",,,0,0,,"sc/player_icons.sc","player_icon_good_angelsdemons",3324,,,,,,,,,,,,"ANGELDEMONS",,,
"player_icon_larry_angelsdemons",,,0,0,,"sc/player_icons.sc","player_icon_larry_angelsdemons",3325,,,,,,,,,"TwinsAngel",true,,,,,
"player_icon_lily_angelsdemons",,,0,0,,"sc/player_icons.sc","player_icon_lily_angelsdemons",3326,,,,,,,,,"AmbusherAngel",true,,,,,
"player_icon_lou_toons",,,0,0,,"sc/player_icons.sc","player_icon_lou_toons",3327,,,,,,,,,"IceDudeToon",true,,,,,
"player_icon_maisie_toons",,,0,0,,"sc/player_icons.sc","player_icon_maisie_toons",3328,,,,,,,,,"MaisieToon",true,,,,,
"player_icon_mortis_angelsdemons",,,0,0,,"sc/player_icons.sc","player_icon_mortis_angelsdemons",3329,,,,,,,,,"UndertakerDemon",true,,,,,
"player_icon_otis_angelsdemons",,,0,0,,"sc/player_icons.sc","player_icon_otis_angelsdemons",3330,,,,,,,,,"SilencerDemon",true,,,,,
"player_icon_rosa_toons",,,0,0,,"sc/player_icons.sc","player_icon_rosa_toons",3331,,,,,,,,,"RosaToon",true,,,,,
"player_icon_brawl_friends1",,,0,0,,"sc/player_icons.sc","player_icon_brawl_friends1",3332,,,,,,,,,,,,,,,
"player_icon_brawl_friends2",,,0,0,,"sc/player_icons.sc","player_icon_brawl_friends2",3333,,,,,,,,,,,,,,,
"player_icon_brawl_friends3",,,0,0,,"sc/player_icons.sc","player_icon_brawl_friends3",3334,,,,,,,,,,,,,,,
"player_icon_brawl_friends4",,,0,0,,"sc/player_icons.sc","player_icon_brawl_friends4",3335,,,,,,,,,,,,,,,
"player_icon_angelsdemons1",,,0,0,,"sc/player_icons.sc","player_icon_angelsdemons1",3336,,,,,,,,,,,,"ANGELDEMONS",,,
"player_icon_angelsdemons2",,,0,0,,"sc/player_icons.sc","player_icon_angelsdemons2",3337,,,,,,,,,,,,"ANGELDEMONS",,,
"player_icon_angelsdemons3",,,0,0,,"sc/player_icons.sc","player_icon_angelsdemons3",3338,,,,,,,,,,,,"ANGELDEMONS",,,
"player_icon_angelsdemons4",,,0,0,,"sc/player_icons.sc","player_icon_angelsdemons4",3339,,,,,,,,,,,,"ANGELDEMONS",,,
"player_icon_angelsdemons5",,,0,0,,"sc/player_icons.sc","player_icon_angelsdemons5",3340,,,,,,,,,,,,"ANGELDEMONS",,,
"player_icon_bp_angelsdemons",,,0,0,,"sc/player_icons.sc","player_icon_bp_angelsdemons",3341,,,,,,,,,,,,"ANGELDEMONS",,,
"player_icon_bp_toons2",,,0,0,,"sc/player_icons.sc","player_icon_bp_toons2",3342,,,,,,,,,,,,"CARTOON",,,
"player_icon_max_angelsdemons",,,0,0,,"sc/player_icons.sc","player_icon_max_angelsdemons",3343,,,,,,,,,"SpeedyAngel",true,,,,,
"player_icon_ranked_angelsdemons",,,0,0,,"sc/player_icons.sc","player_icon_ranked_angelsdemons",1040,,,,,,,,,,,,"ANGELDEMONS",,,
"player_icon_ranked_toons2",,,0,0,,"sc/player_icons.sc","player_icon_ranked_toons2",1041,,,,,,,,,,,,"CARTOON",,,
"hero85",,,0,0,"Voodoo","sc/player_icons.sc","player_icon_juju",733,,,,,,,,,,,,,,,
"hero86",,,0,0,"Ghost","sc/player_icons.sc","player_icon_shade",734,,,,,,,,,,,,,,,
"player_icon_angelsdemons6",,,0,0,,"sc/player_icons.sc","player_icon_angelsdemons6",3344,,,,,,,true,,,,,"ANGELDEMONS",,,
"player_icon_8bit_overcharge",,,0,0,,"sc/player_icons.sc","player_icon_8bit_overcharge",6044,,,,,,,true,,,,,,"Arcade",,
"player_icon_darryl_overcharge",,,0,0,,"sc/player_icons.sc","player_icon_darryl_overcharge",6045,,,,,,,true,,,,,,"BarrelBot",,
"player_icon_otis_overcharge",,,0,0,,"sc/player_icons.sc","player_icon_otis_overcharge",6046,,,,,,,true,,,,,,"Silencer",,
"player_icon_penny_overcharge",,,0,0,,"sc/player_icons.sc","player_icon_penny_overcharge",6047,,,,,,,true,,,,,,"ArtilleryDude",,
"player_icon_ruffs_overcharge",,,0,0,,"sc/player_icons.sc","player_icon_ruffs_overcharge",6048,,,,,,,true,,,,,,"Ruffs",,
"player_icon_stu_overcharge",,,0,0,,"sc/player_icons.sc","player_icon_stu_overcharge",6049,,,,,,,true,,,,,,"Roller",,
"player_icon_juju1",,,0,0,,"sc/player_icons.sc","player_icon_juju1",2080,,,,,,,,,"VoodooDefault",,,,,,
"player_icon_shade1",,,0,0,,"sc/player_icons.sc","player_icon_shade1",2081,,,,,,,,,"GhostDefault",,,,,,
"player_icon_colt_angelsdemons",,,0,0,,"sc/player_icons.sc","player_icon_colt_angelsdemons",3345,,,,,,,,,"GunslingerDarkAngelChroma",true,,,,,
"player_icon_blingstar",,,0,0,,"sc/player_icons.sc","player_icon_blingstar",3346,,,,,,,,,,,,"PROPASS",,,
"player_icon_willow_angelsdemons",,,0,0,,"sc/player_icons.sc","player_icon_willow_angelsdemons",3347,,,,,,,,,"PuppeteerDemon",true,,,,,
"player_icon_fang_furious",,,0,0,,"sc/player_icons.sc","player_icon_fang_furious",3348,,,,,,,,,"KickerDudeFurious",true,,,,,
"player_icon_moe_alt",,,0,0,"Digger","sc/player_icons.sc","player_icon_moe_alt",732,,,,,,,,,,,,,,,
"player_icon_lola_lavish",,,0,0,,"sc/player_icons.sc","player_icon_lola_lavish",3351,,,,,,,,,"DuplicatorChola",true,,,,,
"player_icon_zombiebox",,,0,0,,"sc/player_icons.sc","player_icon_zombiebox",3352,,,,,,,,,,,,,,,
"player_icon_gus_champion",,,0,0,,"sc/player_icons.sc","player_icon_gus_champion",3353,,,,,,,,,"SoulCollectorworldfinals",true,,,,,
"player_icon_bestfoodever",,,0,0,,"sc/player_icons.sc","player_icon_bestfoodever",3354,,,,,,,,,,,,,,,
"player_icon_jessie_dragonknight",,,0,0,,"sc/player_icons.sc","player_icon_jessie_dragonknight",3355,,,,,,,,,"MechanicKnight",true,,,,,
"player_icon_jessie_shadowknight",,,0,0,,"sc/player_icons.sc","player_icon_jessie_shadowknight",3356,,,,,,,,,"MechanicKnightDark",true,,,,,
"player_icon_bonnie_xmas",,,0,0,,"sc/player_icons.sc","player_icon_bonnie_xmas",3357,,,,,,,,,"CannonGirlChristmas",true,,"BRAWLIDAYS",,,
"player_icon_gray_starrforce",,,0,0,,"sc/player_icons.sc","player_icon_gray_starrforce",3358,,,,,,,,,"DoorManStarrForce",true,,"STARRFORCE",,,
"player_icon_penny_toy",,,0,0,,"sc/player_icons.sc","player_icon_penny_toy",3359,,,,,,,,,"ArtilleryGalToy",true,,,,,
"player_icon_bp_goodrandoms",,,0,0,,"sc/player_icons.sc","player_icon_bp_goodrandoms",3360,,,,,,,,,,,,"GOODRANDOMS",,,
"player_icon_starrforce1",,,0,0,,"sc/player_icons.sc","player_icon_starrforce1",3361,,,,,,,,,,,,"STARRFORCE",,,
"player_icon_starrforce2",,,0,0,,"sc/player_icons.sc","player_icon_starrforce2",3362,,,,,,,,,,,,"STARRFORCE",,,
"player_icon_starrforce3",,,0,0,,"sc/player_icons.sc","player_icon_starrforce3",3363,,,,,,,,,,,,"STARRFORCE",,,
"player_icon_ts_bibi",,,0,0,,"sc/player_icons.sc","player_icon_ts_bibi",3364,,,,,,,,,"BaseballBopeep",true,,"TOYSTORY",,,
"hero87",,,0,0,"Lightyear","sc/player_icons.sc","player_icon_lightyear",3365,,,,,,,,,,,,,,,
"player_icon_ts_colt",,,0,0,,"sc/player_icons.sc","player_icon_ts_colt",3366,,,,,,,,,"GunSlingerWoody",true,,"TOYSTORY",,,
"player_icon_ts_shark",,,0,0,,"sc/player_icons.sc","player_icon_ts_shark",3367,,,,,,,,,,,,"TOYSTORY",,,
"player_icon_ts_surge",,,0,0,,"sc/player_icons.sc","player_icon_ts_surge",3368,,,,,,,,,"PowerLevelerBuzz",true,,"TOYSTORY",,,
"player_icon_bp_starrforce",,,0,0,,"sc/player_icons.sc","player_icon_bp_starrforce",3369,,,,,,,,,,,,"STARRFORCE",,,
"player_icon_eve_starrforce",,,0,0,,"sc/player_icons.sc","player_icon_eve_starrforce",3370,,,,,,,,,"FleaStarrForce",true,,"STARRFORCE",,,
"player_icon_kenji_starrforce",,,0,0,,"sc/player_icons.sc","player_icon_kenji_starrforce",3371,,,,,,,,,"SamuraiStarrForce",true,,"STARRFORCE",,,
"player_icon_lola_toy",,,0,0,,"sc/player_icons.sc","player_icon_lola_toy",3372,,,,,,,,,"DuplicatorGiftsToy",true,,,,,
"player_icon_moe_starrforce",,,0,0,,"sc/player_icons.sc","player_icon_moe_starrforce",3373,,,,,,,,,"DiggerStarrForce",true,,"STARRFORCE",,,
"player_icon_starrforce4",,,0,0,,"sc/player_icons.sc","player_icon_starrforce4",3374,,,,,,,,,,,,"STARRFORCE",,,
"player_icon_ranked_goodrandoms",,,0,0,,"sc/player_icons.sc","player_icon_ranked_goodrandoms",1042,,,,,,,,,,,,"GOODRANDOMS",,,
"player_icon_ranked_starrforce",,,0,0,,"sc/player_icons.sc","player_icon_ranked_starrforce",1043,,,,,,,,,,,,"STARRFORCE",,,
"player_icon_toystory_appicon",,,0,0,,"sc/player_icons.sc","player_icon_toystory_appicon",3375,,,,,,,,,,,,"TOYSTORY",,,
"player_icon_ts_buzz",,,0,0,,"sc/player_icons.sc","player_icon_ts_buzz",3376,,,,,,,,,,,,"TOYSTORY",,,
"player_icon_buzz_goodrandoms",,,0,0,,"sc/player_icons.sc","player_icon_buzz_goodrandoms",3377,,,,,,,,,"RopeDudeGoodRandoms",true,,"GOODRANDOMS",,,
"player_icon_melody_goodrandoms",,,0,0,,"sc/player_icons.sc","player_icon_melody_goodrandoms",3378,,,,,,,,,"AxeJugglerGoodRandoms",true,,"GOODRANDOMS",,,
"player_icon_poco_goodrandoms",,,0,0,,"sc/player_icons.sc","player_icon_poco_goodrandoms",3379,,,,,,,,,"DeadMariachiGoodRandoms",true,,"GOODRANDOMS",,,
"player_icon_brawlentine2024_1",,,0,0,,"sc/player_icons.sc","player_icon_brawlentine2024_1",3380,,,,,,,,,,,,"BRAWLENTINES",,,
"player_icon_brawlentine2024_2",,,0,0,,"sc/player_icons.sc","player_icon_brawlentine2024_2",3381,,,,,,,,,,,,"BRAWLENTINES",,,
"player_icon_ts_boot",,,0,0,,"sc/player_icons.sc","player_icon_ts_boot",3382,,,,,,,,,,,,"TOYSTORY",,,
"player_icon_toys1",,,0,0,,"sc/player_icons.sc","player_icon_toys1",3383,,,,,,,,,,,,"TOYS",,,
"player_icon_toys2",,,0,0,,"sc/player_icons.sc","player_icon_toys2",3384,,,,,,,,,,,,"TOYS",,,
"player_icon_starrforce5",,,0,0,,"sc/player_icons.sc","player_icon_starrforce5",3385,,,,,,,,,,,,"STARRFORCE",,,
"player_icon_starrforce6",,,0,0,,"sc/player_icons.sc","player_icon_starrforce6",3386,,,,,,,,,,,,"STARRFORCE",,,
"player_icon_toys3",,,0,0,,"sc/player_icons.sc","player_icon_toys3",3387,,,,,,,,,,,,"TOYS",,,
"player_icon_champie_gingerbread",,,0,0,,"sc/player_icons.sc","player_icon_champie_gingerbread",3388,,,,,,,,,,,,"BRAWLIDAYS",,,
"hero88",,,0,0,"Meeple","sc/player_icons.sc","player_icon_meeple",735,,,,,,,,,,,,,,,
"hero89",,,0,0,"Skater","sc/player_icons.sc","player_icon_ollie",736,,,,,,,,,,,,,,,
"player_icon_berry_overcharge",,,0,0,,"sc/player_icons.sc","player_icon_berry_overcharge",6050,,,,,,,true,,,,,,"Painter",,
"player_icon_melody_overcharge",,,0,0,,"sc/player_icons.sc","player_icon_melody_overcharge",6051,,,,,,,true,,,,,,"AxeJuggler",,
"player_icon_ash_overcharge",,,0,0,,"sc/player_icons.sc","player_icon_ash_overcharge",6052,,,,,,,true,,,,,,"Knight",,
"player_icon_eve_overcharge",,,0,0,,"sc/player_icons.sc","player_icon_eve_overcharge",6053,,,,,,,true,,,,,,"Flea",,
"player_icon_janet_overcharge",,,0,0,,"sc/player_icons.sc","player_icon_janet_overcharge",6054,,,,,,,true,,,,,,"JetpackGirl",,
"player_icon_gray_overcharge",,,0,0,,"sc/player_icons.sc","player_icon_gray_overcharge",6055,,,,,,,true,,,,,,"DoorMan",,
"player_icon_ollie1",,,0,0,,"sc/player_icons.sc","player_icon_ollie1",2082,,,,,,,,,"SkaterDefault",,,,,,
"player_icon_leon_esports",,,0,0,,"sc/player_icons.sc","player_icon_leon_esports",3389,,,,,,,,,"NinjaChampionship",true,,"WF_2020",,,
"player_icon_spike_cake",,,0,0,,"sc/player_icons.sc","player_icon_spike_cake",3390,,,,,,,,,,,,"MISC",,,
"player_icon_spike_demonfire1",,,0,0,,"sc/player_icons.sc","player_icon_spike_demonfire1",3391,,,,,,,,,,,,"MISC",,,
"player_icon_spike_demonfire2",,,0,0,,"sc/player_icons.sc","player_icon_spike_demonfire2",3392,,,,,,,,,,,,"MISC",,,
"player_icon_lny24_1",,,0,0,,"sc/player_icons.sc","player_icon_lny24_1",3393,,,,,,,,,,,,"LNY",,,
"player_icon_lny24_2",,,0,0,,"sc/player_icons.sc","player_icon_lny24_2",3394,,,,,,,,,,,,"LNY",,,
"player_icon_lny24_3",,,0,0,,"sc/player_icons.sc","player_icon_lny24_3",3395,,,,,,,,,,,,"LNY",,,
"player_icon_lny24_4",,,0,0,,"sc/player_icons.sc","player_icon_lny24_4",3396,,,,,,,,,,,,"LNY",,,
"player_icon_lny24_5",,,0,0,,"sc/player_icons.sc","player_icon_lny24_5",3397,,,,,,,,,,,,"LNY",,,
"player_icon_lny24_6",,,0,0,,"sc/player_icons.sc","player_icon_lny24_6",3398,,,,,,,,,,,,"LNY",,,
"player_icon_meeple1",,,0,0,,"sc/player_icons.sc","player_icon_meeple1",2083,,,,,,,,,"MeepleDefault",,,,,,
"player_icon_berry_starrforce",,,0,0,,"sc/player_icons.sc","player_icon_berry_starrforce",3399,,,,,,,,,"PainterStarrForce",true,,"STARRFORCE",,,
"player_icon_anniversary6",,,0,0,,"sc/player_icons.sc","player_icon_anniversary6",3400,,,,,,,,,,,,"CANDYLAND",,,
"player_icon_carl_biker",,,0,0,,"sc/player_icons.sc","player_icon_carl_biker",3401,,,,,,,,,"WhirlwindBiker",true,,,,,
"player_icon_ruffs_ronin",,,0,0,,"sc/player_icons.sc","player_icon_ruffs_ronin",3402,,,,,,,,,"RuffsRonin",true,,,,,
"player_icon_gale_nutcracker",,,0,0,,"sc/player_icons.sc","player_icon_gale_nutcracker",3403,,,,,,,,,"BlowerNutcracker",true,,"BRAWLIDAYS",,,
"player_icon_tara_ragequit",,,0,0,,"sc/player_icons.sc","player_icon_tara_ragequit",3404,,,,,,,,,"BlackHoleWorldfinal",true,,,,,
"player_icon_rosa_major",,,0,0,,"sc/player_icons.sc","player_icon_rosa_major",3405,,,,,,,,,"RosaBP",true,,,,,
"player_icon_maisie_junglequeen",,,0,0,,"sc/player_icons.sc","player_icon_maisie_junglequeen",3406,,,,,,,,,"MaisieSnake",true,,,,,
"player_icon_colt_challenger",,,0,0,,"sc/player_icons.sc","player_icon_colt_challenger",3407,,,,,,,,,"GunslingerPlayer",true,,,,,
"player_icon_colt_corsair",,,0,0,,"sc/player_icons.sc","player_icon_colt_corsair",3408,,,,,,,,,"GunslingerPirate",true,,,,,
"player_icon_carl_captain",,,0,0,,"sc/player_icons.sc","player_icon_carl_captain",3409,,,,,,,,,"WhirlwindPirate",true,,,,,
"player_icon_carl_captain_dark",,,0,0,,"sc/player_icons.sc","player_icon_carl_captain_dark",3410,,,,,,,,,"WhirlwindDarkTide",true,,,,,
"player_icon_bull_starrforce",,,0,0,,"sc/player_icons.sc","player_icon_bull_starrforce",3411,,,,,,,,,"BullDudeOx",true,,,,,
"player_icon_ash_ninja",,,0,0,,"sc/player_icons.sc","player_icon_ash_ninja",3412,,,,,,,,,"KnightNinja",true,,,,,
"player_icon_belle_goldhand",,,0,0,,"sc/player_icons.sc","player_icon_belle_goldhand",3413,,,,,,,,,"ElectroSniperBoss",true,,,,,
"player_icon_brock_liondance",,,0,0,,"sc/player_icons.sc","player_icon_brock_liondance",3414,,,,,,,,,"RocketGirlCny",true,,,,,
"player_icon_jessie_catburglar",,,0,0,,"sc/player_icons.sc","player_icon_jessie_catburglar",3415,,,,,,,,,"MechanicThief",true,,,,,
"player_icon_mandy_carneval",,,0,0,,"sc/player_icons.sc","player_icon_mandy_carneval",3416,,,,,,,,,"BeamerCarnival",true,,,,,
"player_icon_surge_scarlet_paladin",,,0,0,,"sc/player_icons.sc","player_icon_surge_scarlet_paladin",3417,,,,,,,,,"PowerLevelerKnight",true,,,,,
"player_icon_uno1",,,0,0,,"sc/player_icons.sc","player_icon_uno1",3418,,,,,,,,,,,,"UNO",,,
"player_icon_uno2",,,0,0,,"sc/player_icons.sc","player_icon_uno2",3419,,,,,,,,,,,,"UNO",,,
"player_icon_uno3",,,0,0,,"sc/player_icons.sc","player_icon_uno3",3420,,,,,,,,,,,,"UNO",,,
"player_icon_super1",,,0,0,,"sc/player_icons.sc","player_icon_super1",3421,,,,,,,,,,,,"SUPERHEROES",,,
"player_icon_bp_sandsoftime2",,,0,0,,"sc/player_icons.sc","player_icon_bp_sandsoftime2",3422,,,,,,,,,,,,"DARKSANDS",,,
"player_icon_bp_super",,,0,0,,"sc/player_icons.sc","player_icon_bp_super",3423,,,,,,,,,,,,"SUPERHEROES",,,
"player_icon_leek",,,0,0,,"sc/player_icons.sc","player_icon_leek",3424,,,,,,,,,,,,"MEAL",,,
"player_icon_sandsoftime1",,,0,0,,"sc/player_icons.sc","player_icon_sandsoftime1",3425,,,,,,,,,,,,"DARKSANDS",,,
"player_icon_sandsoftime3",,,0,0,,"sc/player_icons.sc","player_icon_sandsoftime3",3426,,,,,,,,,,,,"DARKSANDS",,,
"player_icon_sandsoftime4",,,0,0,,"sc/player_icons.sc","player_icon_sandsoftime4",3427,,,,,,,,,,,,"DARKSANDS",,,
"player_icon_ranked_sandsoftime2",,,0,0,,"sc/player_icons.sc","player_icon_ranked_sandsoftime2",1044,,,,,,,,,,,,"RANKED",,,
"player_icon_ranked_super",,,0,0,,"sc/player_icons.sc","player_icon_ranked_super",1045,,,,,,,,,,,,"RANKED",,,
"player_icon_bo_valentine_kiss",,,0,0,,"sc/player_icons.sc","player_icon_bo_valentine_kiss",3428,,,,,,,,,,,,"BRAWLENTINES",,,
"player_icon_geng",,,0,0,,"sc/player_icons.sc","player_icon_geng",3429,,,,,19,,,,,,,"WF_2020",,,
"player_icon_heretics",,,0,0,,"sc/player_icons.sc","player_icon_heretics",3430,,,,,19,,,,,,,"WF_2020",,,
"player_icon_loud",,,0,0,,"sc/player_icons.sc","player_icon_loud",3431,,,,,19,,,,,,,"WF_2020",,,
"player_icon_lumi1",,,0,0,,"sc/player_icons.sc","player_icon_lumi1",2084,,,,,,,,,"MorningstarDefault",,,,,,
"player_icon_mandy_magma",,,0,0,,"sc/player_icons.sc","player_icon_mandy_magma",3432,,,,,,,,,"BeamerLavaQueen",true,,,,,
"player_icon_mrbat1",,,0,0,,"sc/player_icons.sc","player_icon_mrbat1",3433,,,,,,,,,,,,"MISC",,,
"player_icon_mrbat2",,,0,0,,"sc/player_icons.sc","player_icon_mrbat2",3434,,,,,,,,,,,,"MISC",,,
"player_icon_ollie_darksands",,,0,0,,"sc/player_icons.sc","player_icon_ollie_darksands",3435,,,,,,,,,"SkaterSandsOfTimes",true,,"DARKSANDS",,,
"player_icon_moai",,,0,0,,"sc/player_icons.sc","player_icon_moai",3436,,,,,,,,,,,,"PROPASS",,,
"player_icon_appicon_60",,,0,0,,"sc/player_icons.sc","player_icon_appicon_60",3437,,,,,,,,,,,,"PROPASS",,,
"player_icon_sam_overcharge",,,0,0,,"sc/player_icons.sc","player_icon_sam_overcharge",6056,,,,,,,true,,,,,,"WeaponThrower",,
"player_icon_buster_overcharge",,,0,0,,"sc/player_icons.sc","player_icon_buster_overcharge",6057,,,,,,,true,,,,,,"ShieldTank",,
"player_icon_grom_overcharge",,,0,0,,"sc/player_icons.sc","player_icon_grom_overcharge",6058,,,,,,,true,,,,,,"CrossBomber",,
"player_icon_lola_overcharge",,,0,0,,"sc/player_icons.sc","player_icon_lola_overcharge",6059,,,,,,,true,,,,,,"Duplicator",,
"player_icon_chester_overcharge",,,0,0,,"sc/player_icons.sc","player_icon_chester_overcharge",6060,,,,,,,true,,,,,,"Jester",,
"player_icon_mandy_overcharge",,,0,0,,"sc/player_icons.sc","player_icon_mandy_overcharge",6061,,,,,,,true,,,,,,"Beamer",,
"player_icon_mrp_overcharge",,,0,0,,"sc/player_icons.sc","player_icon_mrp_overcharge",6062,,,,,,,true,,,,,,"SpawnerDude",,
"player_icon_meg_overcharge",,,0,0,,"sc/player_icons.sc","player_icon_meg_overcharge",6063,,,,,,,true,,,,,,"MechaDude",,
"player_icon_bea_overcharge",,,0,0,,"sc/player_icons.sc","player_icon_bea_overcharge",6064,,,,,,,true,,,,,,"BeeSniper",,
"player_icon_bo_overcharge",,,0,0,,"sc/player_icons.sc","player_icon_bo_overcharge",6065,,,,,,,true,,,,,,"BowDude",,
"player_icon_hank_overcharge",,,0,0,,"sc/player_icons.sc","player_icon_hank_overcharge",6066,,,,,,,true,,,,,,"FishTank",,
"player_icon_carl_overcharge",,,0,0,,"sc/player_icons.sc","player_icon_carl_overcharge",6067,,,,,,,true,,,,,,"Whirlwind",,
"player_icon_carl_surfer",,,0,0,,"sc/player_icons.sc","player_icon_carl_surfer",3438,,,,,,,,,"WhirlwindSurfer",true,,,,,
"player_icon_chuck_superheroes",,,0,0,,"sc/player_icons.sc","player_icon_chuck_superheroes",3439,,,,,,,,,"ConductorSupercellMake",true,,"SUPERHEROES",,,
"player_icon_colette_gladiator",,,0,0,,"sc/player_icons.sc","player_icon_colette_gladiator",3440,,,,,,,,,"PercenterGladiator",true,,,,,
"player_icon_colt_jadeagent",,,0,0,,"sc/player_icons.sc","player_icon_colt_jadeagent",3441,,,,,,,,,"GunslingerRoyalAgent",true,,,,,
"player_icon_colt_royalagent",,,0,0,,"sc/player_icons.sc","player_icon_colt_royalagent",3442,,,,,,,,,"GunSlingerHanbok",true,,,,,
"player_icon_cordelius_sporemind",,,0,0,,"sc/player_icons.sc","player_icon_cordelius_sporemind",3443,,,,,,,,,"DuelistBrain",true,,,,,
"player_icon_darryl_megabox",,,0,0,,"sc/player_icons.sc","player_icon_darryl_megabox",3444,,,,,,,,,"BarrelBotMegabox",true,,,,,
"player_icon_darryl_omegabox",,,0,0,,"sc/player_icons.sc","player_icon_darryl_omegabox",3445,,,,,,,,,"BarrelBotOmegabox",true,,,,,
"player_icon_edgar_doctor",,,0,0,,"sc/player_icons.sc","player_icon_edgar_doctor",3446,,,,,,,,,"EnragerVine",true,,,,,
"player_icon_eve_spiky",,,0,0,,"sc/player_icons.sc","player_icon_eve_spiky",3447,,,,,,,,,"FleaSpaceCactus",true,,,,,
"player_icon_gale_merchant",,,0,0,,"sc/player_icons.sc","player_icon_gale_merchant",3448,,,,,,,,,"BlowerTrader",true,,,,,
"player_icon_lou_king",,,0,0,,"sc/player_icons.sc","player_icon_lou_king",3449,,,,,,,,,"IceDudeKing",true,,,,,
"player_icon_nita_rednose",,,0,0,,"sc/player_icons.sc","player_icon_nita_rednose",3450,,,,,,,,,"ShamanReindeer",true,,,,,
"player_icon_nita_reinbear",,,0,0,,"sc/player_icons.sc","player_icon_nita_reinbear",3451,,,,,,,,,"ShamanChristmas",true,,,,,
"player_icon_otis_pharaotis",,,0,0,,"sc/player_icons.sc","player_icon_otis_pharaotis",3452,,,,,,,,,"SilencerPharaoh",true,,,,,
"player_icon_pam_aprilfools",,,0,0,,"sc/player_icons.sc","player_icon_pam_aprilfools",3453,,,,,,,,,"MinigunDudeAprilFools",true,,,,,
"player_icon_pearl_periscope",,,0,0,,"sc/player_icons.sc","player_icon_pearl_periscope",3454,,,,,,,,,"CookerDeepsea",true,,,,,
"player_icon_rico_aprilfools",,,0,0,,"sc/player_icons.sc","player_icon_rico_aprilfools",3455,,,,,,,,,"TrickshotDudeAprilFools",true,,,,,
"player_icon_sandy_lantern",,,0,0,,"sc/player_icons.sc","player_icon_sandy_lantern",3456,,,,,,,,,"SandstormLantern",true,,,,,
"player_icon_super2",,,0,0,,"sc/player_icons.sc","player_icon_super2",3457,,,,,,,,,,,,"SUPERHEROES",,,
"player_icon_grom_superheroes",,,0,0,,"sc/player_icons.sc","player_icon_grom_superheroes",3458,,,,,,,,,"CrossBomberSupercellMake",true,,"SUPERHEROES",,,
"player_icon_finx1",,,0,0,,"sc/player_icons.sc","player_icon_finx1",2085,,,,,,,,,"ChronomancerDefault",,,,,,
"player_icon_carl_superheroes",,,0,0,,"sc/player_icons.sc","player_icon_carl_superheroes",3459,,,,,,,,,"WhirlwindSupercellMake",true,,"SUPERHEROES",,,
"player_icon_colt_propass",,,0,0,,"sc/player_icons.sc","player_icon_colt_propass",3460,,,,,,,,,"GunSlinger2025RankedProgrsesionSkinLevel2",true,,"PROPASS",,,
"player_icon_bibi_superheroes",,,0,0,,"sc/player_icons.sc","player_icon_bibi_superheroes",3461,,,,,,,,,"BaseballVillain",true,,"SUPERHEROES",,,
"player_icon_janet_superheroes",,,0,0,,"sc/player_icons.sc","player_icon_janet_superheroes",3462,,,,,,,,,"JetpackGirlSupercellMake",true,,"SUPERHEROES",,,
"player_icon_buster_superheroes",,,0,0,,"sc/player_icons.sc","player_icon_buster_superheroes",3463,,,,,,,,,"ShieldTankSupercellMake",true,,"SUPERHEROES",,,
"player_icon_sam_superheroes",,,0,0,,"sc/player_icons.sc","player_icon_sam_superheroes",3464,,,,,,,,,"WeaponThrowerSupercellMake",true,,"SUPERHEROES",,,
"hero90",,,0,0,"Chronomancer","sc/player_icons.sc","player_icon_finx",737,,,,,,,,,,,,,,,
"hero91",,,0,0,"Morningstar","sc/player_icons.sc","player_icon_lumi",738,,,,,,,,,,,,,,,
"player_icon_propass",,,0,0,,"sc/player_icons.sc","player_icon_propass",3465,,,,,,,,,,,,"PROPASS",,,
"player_icon_appicon_60_skull",,,0,0,,"sc/player_icons.sc","player_icon_appicon_60_skull",3466,,,,,,,,,,,,"RANKED",,,
"player_icon_carneval25",,,0,0,,"sc/player_icons.sc","player_icon_carneval25",3467,,,,,,,,,,,,"CARNAVAL",,,
"player_icon_mystery_valentinekiss",,,0,0,,"sc/player_icons.sc","player_icon_mystery_valentinekiss",3468,,,,,,,,,,,,"BRAWLENTINES",,,
"player_icon_hmm",,,0,0,,"sc/player_icons.sc","player_icon_hmm",3469,,,,,,,,,,,,"MISC",,,
"player_icon_squeak_darksands",,,0,0,,"sc/player_icons.sc","player_icon_squeak_darksands",3470,,,,,,,,,"StickyBombSandsOfTimes",true,,"DARKSANDS",,,
"player_icon_franke_darksands",,,0,0,,"sc/player_icons.sc","player_icon_franke_darksands",3471,,,,,,,,,"HammerDudeSandsOfTimes",true,,"DARKSANDS",,,
"player_icon_meeple_darksands",,,0,0,,"sc/player_icons.sc","player_icon_meeple_darksands",3472,,,,,,,,,"MeepleSandsOfTimes",true,,"DARKSANDS",,,
"player_icon_chester_uno",,,0,0,,"sc/player_icons.sc","player_icon_chester_uno",3473,,,,,,,,,"JesterUno",true,,"UNO",,,
"player_icon_goodrandomsbull",,,0,0,,"sc/player_icons.sc","player_icon_goodrandomsbull",3474,,,,,,,,,,,,"MISC",,,
"player_icon_goodrandomsedgar",,,0,0,,"sc/player_icons.sc","player_icon_goodrandomsedgar",3475,,,,,,,,,,,,"MISC",,,
"player_icon_feudaljapan_bentobox",,,0,0,,"sc/player_icons.sc","player_icon_feudaljapan_bentobox",3476,,,,,,,,,,,,"FEUDALJAPAN",,,
"player_icon_boba_nita",,,0,0,,"sc/player_icons.sc","player_icon_boba_nita",3477,,,,,,,,,,,,"FEUDALJAPAN",,,
"player_icon_boba_spike",,,0,0,,"sc/player_icons.sc","player_icon_boba_spike",3478,,,,,,,,,,,,"FEUDALJAPAN",,,
"player_icon_boba_squeak",,,0,0,,"sc/player_icons.sc","player_icon_boba_squeak",3479,,,,,,,,,,,,"FEUDALJAPAN",,,
"player_icon_boba_tick",,,0,0,,"sc/player_icons.sc","player_icon_boba_tick",3480,,,,,,,,,,,,"FEUDALJAPAN",,,
"player_icon_bp_feudaljapan",,,0,0,,"sc/player_icons.sc","player_icon_bp_feudaljapan",3481,,,,,,,,,,,,"FEUDALJAPAN",,,
"player_icon_bp_kaiju",,,0,0,,"sc/player_icons.sc","player_icon_bp_kaiju",3482,,,,,,,,,,,,"KAIJU",,,
"player_icon_feudaljapan_octopuss",,,0,0,,"sc/player_icons.sc","player_icon_feudaljapan_octopuss",3483,,,,,,,,,,,,"FEUDALJAPAN",,,
"player_icon_sakuraspike",,,0,0,,"sc/player_icons.sc","player_icon_sakuraspike",3484,,,,,,,,,,,,"FEUDALJAPAN",,,
"player_icon_samurai_robot1",,,0,0,,"sc/player_icons.sc","player_icon_samurai_robot1",3485,,,,,,,,,,,,"FEUDALJAPAN",,,
"player_icon_samurai_robot2",,,0,0,,"sc/player_icons.sc","player_icon_samurai_robot2",3486,,,,,,,,,,,,"FEUDALJAPAN",,,
"player_icon_samurai_robot3",,,0,0,,"sc/player_icons.sc","player_icon_samurai_robot3",3487,,,,,,,,,,,,"FEUDALJAPAN",,,
"hero92",,,0,0,"Geisha","sc/player_icons.sc","player_icon_kaze",739,,,,,,,,,,,,,,,
"hero93",,,0,0,"Alternator","sc/player_icons.sc","player_icon_jae",740,,,,,,,,,,,,,,,
"player_icon_moba_bluebase",,,0,0,,"sc/player_icons.sc","player_icon_moba_bluebase",3488,,,,,,,,,,,,"MISC",,,
"player_icon_kaiju_eye",,,0,0,,"sc/player_icons.sc","player_icon_kaiju_eye",3489,,,,,,,,,,,,"KAIJU",,,
"player_icon_edgar_kaiju",,,0,0,,"sc/player_icons.sc","player_icon_edgar_kaiju",3490,,,,,,,,,"EnragerKaiju",true,,,,,
"player_icon_feudaljapan_koi",,,0,0,,"sc/player_icons.sc","player_icon_feudaljapan_koi",3491,,,,,,,,,,,,"FEUDALJAPAN",,,
"player_icon_kaiju_disc",,,0,0,,"sc/player_icons.sc","player_icon_kaiju_disc",3492,,,,,,,,,,,,"KAIJU",,,
"player_icon_moba_redbase",,,0,0,,"sc/player_icons.sc","player_icon_moba_redbase",3493,,,,,,,,,,,,"MISC",,,
"player_icon_moba_blueturret",,,0,0,,"sc/player_icons.sc","player_icon_moba_blueturret",3494,,,,,,,,,,,,"MISC",,,
"player_icon_moba_boss",,,0,0,,"sc/player_icons.sc","player_icon_moba_boss",3495,,,,,,,,,,,,"KAIJU",,,
"player_icon_feudaljapan_sushi",,,0,0,,"sc/player_icons.sc","player_icon_feudaljapan_sushi",3496,,,,,,,,,,,,"FEUDALJAPAN",,,
"player_icon_feudaljapan_statue",,,0,0,,"sc/player_icons.sc","player_icon_feudaljapan_statue",3497,,,,,,,,,,,,"FEUDALJAPAN",,,
"player_icon_moba_shape",,,0,0,,"sc/player_icons.sc","player_icon_moba_shape",3498,,,,,,,,,,,,"MISC",,,
"player_icon_colette_kaiju",,,0,0,,"sc/player_icons.sc","player_icon_colette_kaiju",3499,,,,,,,,,"PercenterKaiju",true,,,,,
"player_icon_miku_kaiju",,,0,0,,"sc/player_icons.sc","player_icon_miku_kaiju",3500,,,,,,,,,"LeaperKaiju",true,,,,,
"player_icon_griff_kaiju",,,0,0,,"sc/player_icons.sc","player_icon_griff_kaiju",3501,,,,,,,,,"AssaultShotgunKaiju",true,,,,,
"player_icon_buster_chainsaw",,,0,0,,"sc/player_icons.sc","player_icon_buster_chainsaw",3502,,,,,,,,,"ShieldTankChainsaw",true,,,,,
"player_icon_gray_feudaljapan",,,0,0,,"sc/player_icons.sc","player_icon_gray_feudaljapan",3503,,,,,,,,,"DoorManJapan",true,,,,,
"player_icon_piper_feudaljapan",,,0,0,,"sc/player_icons.sc","player_icon_piper_feudaljapan",3504,,,,,,,,,"SniperJapan",true,,,,,
"player_icon_sprout_feudaljapan",,,0,0,,"sc/player_icons.sc","player_icon_sprout_feudaljapan",3505,,,,,,,,,"WallyJapan",true,,,,,
"player_icon_kaze_green",,,0,0,,"sc/player_icons.sc","player_icon_kaze_green",2086,,,,,,,,,"GeishaDefault",,,,,,
"player_icon_geisha_assassin",,,0,0,,"sc/player_icons.sc","player_icon_geisha_assassin",3506,,,,,,,,,,,,"FEUDALJAPAN",,,
"player_icon_geisha1",,,0,0,,"sc/player_icons.sc","player_icon_geisha1",3507,,,,,,,,,,,,"FEUDALJAPAN",,,
"player_icon_frank_christmas",,,0,0,,"sc/player_icons.sc","player_icon_frank_christmas",3508,,,,,,,,,"HammerDudeXmas",true,,,,,
"player_icon_willow_overcharge",,,0,0,,"sc/player_icons.sc","player_icon_willow_overcharge",6068,,,,,,,true,,,,,,"Puppeteer",,
"player_icon_kenji_overcharge",,,0,0,,"sc/player_icons.sc","player_icon_kenji_overcharge",6069,,,,,,,true,,,,,,"Samurai",,
"player_icon_gus_overcharge",,,0,0,,"sc/player_icons.sc","player_icon_gus_overcharge",6070,,,,,,,true,,,,,,"SoulCollector",,
"player_icon_lily_overcharge",,,0,0,,"sc/player_icons.sc","player_icon_lily_overcharge",6071,,,,,,,true,,,,,,"Ambusher",,
"player_icon_griff_overcharge",,,0,0,,"sc/player_icons.sc","player_icon_griff_overcharge",6072,,,,,,,true,,,,,,"AssaultShotgun",,
"player_icon_clancy_overcharge",,,0,0,,"sc/player_icons.sc","player_icon_clancy_overcharge",6073,,,,,,,true,,,,,,"Crab",,
"player_icon_amber_overcharge",,,0,0,,"sc/player_icons.sc","player_icon_amber_overcharge",6074,,,,,,,true,,,,,,"FireDude",,
"player_icon_kaze_overcharge",,,0,0,,"sc/player_icons.sc","player_icon_kaze_overcharge",6075,,,,,,,true,,,,,,"Geisha",,
"player_icon_tara_feudaljapan",,,0,0,,"sc/player_icons.sc","player_icon_tara_feudaljapan",3509,,,,,,,,,"BlackHoleJapan",true,,,,,
"player_icon_finx_kaiju",,,0,0,,"sc/player_icons.sc","player_icon_finx_kaiju",3510,,,,,,,,,"ChronomancerKaiju",true,,,,,
"player_icon_jae1",,,0,0,,"sc/player_icons.sc","player_icon_jae1",2087,,,,,,,,,"AlternatorDefault",,,,,,
"player_icon_angelo_feudaljapan",,,0,0,,"sc/player_icons.sc","player_icon_angelo_feudaljapan",3511,,,,,,,,,"InsectManJapan",true,,,,,
"player_icon_kenji_feudaljapan",,,0,0,,"sc/player_icons.sc","player_icon_kenji_feudaljapan",3512,,,,,,,,,"SamuraiJapan",true,,,,,
"player_icon_griff_christmas",,,0,0,,"sc/player_icons.sc","player_icon_griff_christmas",3513,,,,,,,,,"AssaultShotgunSled",true,,,,,
"player_icon_ash_ninja_red",,,0,0,,"sc/player_icons.sc","player_icon_ash_ninja_red",3514,,,,,,,,,"KnightJapan",true,,,,,
"player_icon_sheep",,,0,0,,"sc/player_icons.sc","player_icon_sheep",3515,,,,,,,,,,,,"MISC",,,
