"Name","Disabled","DisabledCN","FileName","ExportName","Character","Skin","GiveOnSkinUnlock","Rarity","EffectColorR","EffectColorG","EffectColorB","FlipSprayForEnemies","LockedForChronos","SprayBundles","IsDefaultBattleSpray","Texture","PriceBling","PriceGems","DisableCatalogRelease","CatalogNewDaysAdjustment","NotInCatalogTID","UseShineVFX","ExtraCatalogCampaign","HideFromCatalogMainCategory","DisableFromCatalogIfNotOwned"
"string","boolean","boolean","string","string","string","string","boolean","String","int","int","int","boolean","boolean","String","boolean","string","int","int","boolean","int","string","boolean","string","boolean","boolean"
"spray_allfine",,,"sc/sprays.sc","spray_allfine",,,,"COMMON",255,255,255,true,,,,"spray_allfine.png",1000,29,,,,true,"MISC",,
"spray_angrycloud",,,"sc/sprays.sc","spray_angrycloud",,,,"COMMON",197,230,255,true,,,,"spray_angrycloud.png",1000,29,,,,,"OLYMPUS",,
"spray_badgem",,,"sc/sprays.sc","spray_badgem",,,,"COMMON",95,219,26,true,,,,"spray_badgem.png",1000,29,,,,true,"ROYALS",,
"spray_banana",,,"sc/sprays.sc","spray_banana",,,,"COMMON",255,234,0,true,,,,"spray_banana.png",1000,29,,,,,"JUNGLE",,
"spray_check",,,"sc/sprays.sc","spray_check",,,,"DEFAULT",14,255,14,true,,,,"spray_check.png",,,,,,,,,
"spray_cross",,,"sc/sprays.sc","spray_cross",,,,"DEFAULT",255,53,44,true,,,,"spray_cross.png",,,,,,,,,
"spray_crymask",,,"sc/sprays.sc","spray_crymask",,,,"COMMON",252,188,33,true,,,,"spray_crymask.png",1000,29,,,,true,"MISC",,
"spray_drop",,,"sc/sprays.sc","spray_drop",,,,"COMMON",0,237,255,true,,,,"spray_drop.png",1000,29,,,,,"MISC",,
"spray_footstep",,,"sc/sprays.sc","spray_footstep",,,,"COMMON",0,0,0,true,,,,"spray_footstep.png",1000,29,,,,,"MISC",,
"spray_heartarrow",,,"sc/sprays.sc","spray_heartarrow",,,,"COMMON",255,49,133,true,,,,"spray_heartarrow.png",1000,29,,,,,"BRAWLENTINES",,
"spray_hole",,,"sc/sprays.sc","spray_hole",,,,"COMMON",0,0,0,true,,,,"spray_hole.png",1000,29,,,,,"WASTELAND",,
"spray_salt",,,"sc/sprays.sc","spray_salt",,,,"COMMON",93,234,255,true,,,,"spray_salt.png",1000,29,,,,,"MEAL",,
"spray_skullchamp",,,"sc/sprays.sc","spray_skullchamp",,,,"COMMON",0,103,57,true,,,,"spray_skullchamp.png",1000,29,,,,,"MISC",,
"spray_skullsign",,,"sc/sprays.sc","spray_skullsign",,,,"COMMON",251,205,16,true,,,,"spray_skullsign.png",1000,29,,,,,"WASTELAND",,
"spray_skullwings",,,"sc/sprays.sc","spray_skullwings",,,,"COMMON",255,255,255,true,,,,"spray_skullwings.png",1000,29,,,,,"MISC",,
"spray_starrpark",,,"sc/sprays.sc","spray_starrpark",,,,"DEFAULT",252,224,91,true,,,,"spray_starrpark.png",,,,,,,,,
"spray_thumbsup",,,"sc/sprays.sc","spray_thumbsup",,,,"COMMON",255,255,255,true,,,,"spray_thumbsup.png",1000,29,,,,,"MISC",,
"spray_8bit_1",,,"sc/sprays.sc","spray_8bit_1","Arcade",,,"COMMON",0,104,224,true,,,,"spray_8bit.png",750,19,,,,,,,
"spray_bo_1",,,"sc/sprays.sc","spray_bo_1","BowDude",,,"COMMON",183,56,21,true,,,,"spray_bo.png",750,19,,,,,,,
"spray_brock_1",,,"sc/sprays.sc","spray_brock_1","RocketGirl",,,"COMMON",135,31,145,true,,,,"spray_brock.png",750,19,,,,,,,
"spray_bull_1",,,"sc/sprays.sc","spray_bull_1","BullDude",,,"COMMON",249,214,157,true,,,,"spray_bull.png",750,19,,,,,,,
"spray_colt_1",,,"sc/sprays.sc","spray_colt_1","Gunslinger",,,"COMMON",82,117,214,true,,,,"spray_colt.png",750,19,,,,,,,
"spray_dynamike_1",,,"sc/sprays.sc","spray_dynamike_1","TntDude",,,"COMMON",233,3,21,true,,,,"spray_dynamike.png",750,19,,,,,,,
"spray_emz_1",,,"sc/sprays.sc","spray_emz_1","Mummy",,,"COMMON",19,244,189,true,,,,"spray_emz.png",750,19,,,,,,,
"spray_jessie_1",,,"sc/sprays.sc","spray_jessie_1","Mechanic",,,"COMMON",92,255,255,true,,,,"spray_jessie.png",750,19,,,,,,,
"spray_nita_1",,,"sc/sprays.sc","spray_nita_1","Shaman",,,"COMMON",255,57,83,true,,,,"spray_nita.png",750,19,,,,,,,
"spray_shelly_1",,,"sc/sprays.sc","spray_shelly_1","ShotgunGirl",,,"COMMON",255,221,195,true,,,,"spray_shelly.png",750,19,,,,,,,
"spray_stu_1",,,"sc/sprays.sc","spray_stu_1","Roller",,,"COMMON",33,53,247,true,,,,"spray_stu.png",750,19,,,,,,,
"spray_tick_1",,,"sc/sprays.sc","spray_tick_1","ClusterBombDude",,,"COMMON",253,237,83,true,,,,"spray_tick.png",750,19,,,,,,,
"spray_mrp_goldenweek",,,"sc/sprays.sc","spray_mrp_goldenweek","SpawnerDude","SpawnerDudeDaruma",,"COMMON",244,28,58,true,,,,"spray_mrp_goldenweek.png",750,19,,,,,,,
"spray_tara_ramadan",,,"sc/sprays.sc","spray_tara_ramadan","BlackHole","BlackHoleDevious",,"COMMON",247,205,18,true,,,,"spray_tara_ramadan.png",750,19,,,,,,,
"spray_crashdummy",,,"sc/sprays.sc","spray_crashdummy",,,,"COLLECTORS",255,234,0,true,,,,"spray_crashdummy.png",1000,29,,,,,"WASTELAND",,
"spray_stuntshow_chevrons",,,"sc/sprays.sc","spray_stuntshow_chevrons",,,,"COLLECTORS",251,205,16,true,,,,"spray_stuntshow_chevrons.png",,,,,,,,,
"spray_stuntshow_wheel",,,"sc/sprays.sc","spray_stuntshow_wheel",,,,"COLLECTORS",82,117,214,true,,,,"spray_stuntshow_wheel.png",,,,,,,,,
"spray_tick_bt21",,true,"sc/sprays.sc","spray_tick_bt21","ClusterBombDude",,,"COMMON",253,237,83,true,,,,"spray_tick_bt21.png",,19,,,,,,,
"spray_sandy_bt21",,true,"sc/sprays.sc","spray_sandy_bt21","Sandstorm","SandstormKoya",,"COMMON",0,150,217,true,,,,"spray_sandy_bt21.png",,19,,,,,,,
"spray_ruffs_bt21",,true,"sc/sprays.sc","spray_ruffs_bt21","Ruffs","RuffsChimmy",,"COMMON",255,215,54,true,,,,"spray_ruffs_bt21.png",,19,,,,,,,
"spray_bibi_bt21",,true,"sc/sprays.sc","spray_bibi_bt21","Baseball","BaseballRj",,"COMMON",255,255,255,true,,,,"spray_bibi_bt21.png",,19,,,,,,,
"spray_jacky_bt21",,true,"sc/sprays.sc","spray_jacky_bt21","Driller","DrillerCooky",,"COMMON",254,68,169,true,,,,"spray_jacky_bt21.png",,19,,,,,,,
"spray_bull_bt21",,true,"sc/sprays.sc","spray_bull_bt21","BullDude","BullDudeMang",,"COMMON",97,177,255,true,,,,"spray_bull_bt21.png",,19,,,,,,,
"spray_edgar_bt21",,true,"sc/sprays.sc","spray_edgar_bt21","Enrager","EnragerTata",,"COMMON",82,133,234,true,,,,"spray_edgar_bt21.png",,19,,,,,,,
"spray_elprimo_1",,,"sc/sprays.sc","spray_elprimo_1","Luchador",,,"COMMON",248,133,70,true,,,,"spray_elprimo.png",750,19,,,,,,,
"spray_rosa_1",,,"sc/sprays.sc","spray_rosa_1","Rosa",,,"COMMON",235,60,172,true,,,,"spray_rosa.png",750,19,,,,,,,
"spray_poco_1",,,"sc/sprays.sc","spray_poco_1","DeadMariachi",,,"COMMON",255,49,133,true,,,,"spray_poco.png",750,19,,,,,,,
"spray_barley_1",,,"sc/sprays.sc","spray_barley_1","Barkeep",,,"COMMON",7,174,74,true,,,,"spray_barley.png",750,19,,,,,,,
"spray_rico_1",,,"sc/sprays.sc","spray_rico_1","TrickshotDude",,,"COMMON",255,98,28,true,,,,"spray_rico.png",750,19,,,,,,,
"spray_darryl_1",,,"sc/sprays.sc","spray_darryl_1","BarrelBot",,,"COMMON",96,35,255,true,,,,"spray_darryl.png",750,19,,,,,,,
"spray_jacky_1",,,"sc/sprays.sc","spray_jacky_1","Driller",,,"COMMON",91,16,221,true,,,,"spray_jacky.png",750,19,,,,,,,
"spray_penny_1",,,"sc/sprays.sc","spray_penny_1","ArtilleryDude",,,"COMMON",255,96,187,true,,,,"spray_penny.png",750,19,,,,,,,
"spray_carl_1",,,"sc/sprays.sc","spray_carl_1","Whirlwind",,,"COMMON",255,236,147,true,,,,"spray_carl.png",750,19,,,,,,,
"spray_coc",,,"sc/sprays.sc","spray_coc",,,,"COLLECTORS",255,249,90,true,,,,"spray_coc.png",1000,29,,,,,"CLASHIP",,
"spray_badrandoms",,,"sc/sprays.sc","spray_badrandoms",,,,"COLLECTORS",255,88,255,true,,,,"spray_badrandoms.png",1000,29,,,,,"PUNK",,
"spray_deepsea_1",,,"sc/sprays.sc","spray_deepsea_1",,,,"COLLECTORS",150,255,16,true,,,,"spray_deepsea_1.png",,,,,,,,,
"spray_deepsea_2",,,"sc/sprays.sc","spray_deepsea_2",,,,"COLLECTORS",255,77,212,true,,,,"spray_deepsea_2.png",,,,,,,,,
"spray_bronze",,,"sc/sprays.sc","spray_bronze",,,,"COLLECTORS",239,117,39,true,,,,"spray_bronze.png",,,,,,true,,,
"spray_silver",,,"sc/sprays.sc","spray_silver",,,,"COLLECTORS",162,162,206,true,,,,"spray_silver.png",,,,,,true,,,
"spray_gold",,,"sc/sprays.sc","spray_gold",,,,"COLLECTORS",255,156,33,true,,,,"spray_gold.png",,,,,,true,,,
"spray_diamond",,,"sc/sprays.sc","spray_diamond",,,,"COLLECTORS",0,243,252,true,,,,"spray_diamond.png",,,,,,true,,,
"spray_mythic",,,"sc/sprays.sc","spray_mythic",,,,"COLLECTORS",243,64,255,true,,,,"spray_mythic.png",,,,,,true,,,
"spray_legendary",,,"sc/sprays.sc","spray_legendary",,,,"COLLECTORS",255,42,68,true,,,,"spray_legendary.png",,,,,,true,,,
"spray_masters",,,"sc/sprays.sc","spray_masters",,,,"COLLECTORS",252,224,91,true,,,,"spray_masters.png",,,,,,true,,,
"spray_challenge_ball",,,"sc/sprays.sc","spray_challenge_ball",,,,"COLLECTORS",255,255,255,true,,,,"spray_challenge_ball.png",,,,,,true,,,
"spray_challenge_solo",,,"sc/sprays.sc","spray_challenge_solo",,,,"COLLECTORS",255,255,255,true,,,,"spray_challenge_solo.png",,,,,,true,,,
"spray_challenge_duo1",,,"sc/sprays.sc","spray_challenge_duo1",,,,"COLLECTORS",255,255,255,true,,,,"spray_challenge_duo1.png",,,,,,true,,,
"spray_challenge_duo2",,,"sc/sprays.sc","spray_challenge_duo2",,,,"COLLECTORS",255,255,255,true,,,,"spray_challenge_duo2.png",,,,,,true,,,
"spray_bsc",,,"sc/sprays.sc","spray_bsc",,,,"COMMON",255,255,17,true,,,,"spray_bsc.png",1000,29,,,,true,"WF_2020",,
"spray_mortis_mecha",,,"sc/sprays.sc","spray_mortis_mecha","Undertaker","UndertakerMecha",true,"COMMON",214,79,252,true,,,,"spray_mortis_mecha.png",,,,,,true,,,
"spray_bea_1",,,"sc/sprays.sc","spray_bea_1","BeeSniper",,,"COMMON",252,200,10,true,,,,"spray_bea.png",750,19,,,,,,,
"spray_bibi_1",,,"sc/sprays.sc","spray_bibi_1","Baseball",,,"COMMON",96,224,255,true,,,,"spray_bibi.png",750,19,,,,,,,
"spray_bonnie_1",,,"sc/sprays.sc","spray_bonnie_1","CannonGirl",,,"COMMON",238,20,84,true,,,,"spray_bonnie.png",750,19,,,,,,,
"spray_edgar_1",,,"sc/sprays.sc","spray_edgar_1","Enrager",,,"COMMON",168,27,249,true,,,,"spray_edgar.png",750,19,,,,,,,
"spray_frank_1",,,"sc/sprays.sc","spray_frank_1","HammerDude",,,"COMMON",61,255,199,true,,,,"spray_frank.png",750,19,,,,,,,
"spray_grom_1",,,"sc/sprays.sc","spray_grom_1","CrossBomber",,,"COMMON",255,241,0,true,,,,"spray_grom.png",750,19,,,,,,,
"spray_nani_1",,,"sc/sprays.sc","spray_nani_1","Controller",,,"COMMON",13,222,248,true,,,,"spray_nani.png",750,19,,,,,,,
"spray_pam_1",,,"sc/sprays.sc","spray_pam_1","MinigunDude",,,"COMMON",194,193,232,true,,,,"spray_pam.png",750,19,,,,,,,
"spray_piper_1",,,"sc/sprays.sc","spray_piper_1","Sniper",,,"COMMON",155,54,193,true,,,,"spray_piper.png",750,19,,,,,,,
"spray_griff_1",,,"sc/sprays.sc","spray_griff_1","AssaultShotgun",,,"COMMON",255,253,48,true,,,,"spray_griff.png",750,19,,,,,,,
"spray_robotfactory_1",,,"sc/sprays.sc","spray_robotfactory_1",,,,"COLLECTORS",7,167,255,true,,,,"spray_robotfactory_1.png",,,,,,,,,
"spray_robotfactory_2",,,"sc/sprays.sc","spray_robotfactory_2",,,,"COLLECTORS",193,255,73,true,,,,"spray_robotfactory_2.png",,,,,,,,,
"spray_gemgrab",,,"sc/sprays.sc","spray_gemgrab",,,,"COLLECTORS",154,69,255,true,,,,"spray_gemgrab.png",,,,,,true,,,
"spray_bounty",,,"sc/sprays.sc","spray_bounty",,,,"COLLECTORS",255,190,32,true,,,,"spray_bounty.png",,,,,,true,,,
"spray_heist",,,"sc/sprays.sc","spray_heist",,,,"COLLECTORS",184,238,251,true,,,,"spray_heist.png",,,,,,true,,,
"spray_mortis_1",,,"sc/sprays.sc","spray_mortis_1","Undertaker",,,"COMMON",255,13,255,true,,,,"spray_mortis.png",750,19,,,,,,,
"spray_sprout_1",,,"sc/sprays.sc","spray_sprout_1","Wally",,,"COMMON",255,200,0,true,,,,"spray_sprout.png",750,19,,,,,,,
"spray_mrp_1",,,"sc/sprays.sc","spray_mrp_1","SpawnerDude",,,"COMMON",30,32,248,true,,,,"spray_mrp.png",750,19,,,,,,,
"spray_byron_1",,,"sc/sprays.sc","spray_byron_1","SnakeOil",,,"COMMON",0,210,170,true,,,,"spray_byron.png",750,19,,,,,,,
"spray_max_1",,,"sc/sprays.sc","spray_max_1","Speedy",,,"COMMON",255,239,0,true,,,,"spray_max.png",750,19,,,,,,,
"spray_tara_1",,,"sc/sprays.sc","spray_tara_1","BlackHole",,,"COMMON",0,133,251,true,,,,"spray_tara.png",750,19,,,,,,,
"spray_squeak_1",,,"sc/sprays.sc","spray_squeak_1","StickyBomb",,,"COMMON",0,228,223,true,,,,"spray_squeak.png",750,19,,,,,,,
"spray_gene_1",,,"sc/sprays.sc","spray_gene_1","HookDude",,,"COMMON",255,180,3,true,,,,"spray_gene.png",750,19,,,,,,,
"spray_ghost_tunnel",,,"sc/sprays.sc","spray_ghost_tunnel",,,,"COLLECTORS",0,0,0,true,,,,"spray_ghost_tunnel.png",,,,,,,,,
"spray_ghost_train",,,"sc/sprays.sc","spray_ghost_train",,,,"COLLECTORS",92,255,255,true,,,,"spray_ghost_train.png",,,,,,,,,
"spray_ghost_wagon1",,,"sc/sprays.sc","spray_ghost_wagon1",,,,"COLLECTORS",92,255,255,true,,,,"spray_ghost_wagon1.png",1000,29,,,,,"BRAWLOWEEN",,
"spray_ghost_wagon2",,,"sc/sprays.sc","spray_ghost_wagon2",,,,"COLLECTORS",239,255,255,true,,,,"spray_ghost_wagon2.png",1000,29,,,,,"BRAWLOWEEN",,
"spray_ghost_wagon3",,,"sc/sprays.sc","spray_ghost_wagon3",,,,"COLLECTORS",255,14,248,true,,,,"spray_ghost_wagon3.png",1000,29,,,,,"BRAWLOWEEN",,
"spray_paper",,,"sc/sprays.sc","spray_paper",,,,"COLLECTORS",255,255,115,true,,,,"spray_paper.png",1000,29,,,,,"UNIVERSITY",,
"spray_scissors",,,"sc/sprays.sc","spray_scissors",,,,"COLLECTORS",255,255,115,true,,,,"spray_scissors.png",1000,29,,,,,"UNIVERSITY",,
"spray_rock",,,"sc/sprays.sc","spray_rock",,,,"COLLECTORS",255,255,115,true,,,,"spray_rock.png",1000,29,,,,,"UNIVERSITY",,
"spray_denied",,,"sc/sprays.sc","spray_denied",,,,"COMMON",244,0,57,true,,,,"spray_denied.png",1000,29,,,,,"MISC",,
"spray_singlesday",,,"sc/sprays.sc","spray_singlesday",,,,"COLLECTORS",255,194,7,true,,,,"spray_singlesday.png",1000,29,,,,true,"MISC",,
"spray_lastbox",,,"sc/sprays.sc","spray_lastbox",,,,"COLLECTORS",255,32,26,true,,,,"spray_lastbox.png",,,,,,true,,,
"spray_grand_masters",,,"sc/sprays.sc","spray_grand_masters",,,,"COLLECTORS",196,251,29,true,,,,"spray_grand_masters.png",,,,,,true,,,
"spray_amber_1",,,"sc/sprays.sc","spray_amber_1","FireDude",,,"COMMON",250,255,61,true,,,,"spray_amber.png",750,19,,,,,,,
"spray_crow_1",,,"sc/sprays.sc","spray_crow_1","Crow",,,"COMMON",193,211,255,true,,,,"spray_crow.png",750,19,,,,,,,
"spray_meg_1",,,"sc/sprays.sc","spray_meg_1","MechaDude",,,"COMMON",243,0,66,true,,,,"spray_meg.png",750,19,,,,,,,
"spray_leon_1",,,"sc/sprays.sc","spray_leon_1","Ninja",,,"COMMON",0,214,40,true,,,,"spray_leon.png",750,19,,,,,,,
"spray_chester_1",,,"sc/sprays.sc","spray_chester_1","Jester",,,"COMMON",103,67,255,true,,,,"spray_chester.png",750,19,,,,,,,
"spray_sandy_1",,,"sc/sprays.sc","spray_sandy_1","Sandstorm",,,"COMMON",125,94,252,true,,,,"spray_sandy.png",750,19,,,,,,,
"spray_spike_1",,,"sc/sprays.sc","spray_spike_1","Cactus",,,"COMMON",0,224,95,true,,,,"spray_spike.png",750,19,,,,,,,
"spray_anniversary1",,,"sc/sprays.sc","spray_anniversary1",,,,"COLLECTORS",243,192,255,true,,,,"spray_anniversary1.png",,,,,,,,,
"spray_anniversary2",,,"sc/sprays.sc","spray_anniversary2",,,,"COLLECTORS",255,185,33,true,,,,"spray_anniversary2.png",,,,,,,,,
"spray_brawlidays_hat",,,"sc/sprays.sc","spray_brawlidays_hat",,,,"COLLECTORS",249,3,3,true,,,,"spray_brawlidays_hat.png",1000,29,,,,,"BRAWLIDAYS",,
"spray_brawlidays_horns",,,"sc/sprays.sc","spray_brawlidays_horns",,,,"COLLECTORS",18,188,0,true,,,,"spray_brawlidays_horns.png",1000,29,,,,,"BRAWLIDAYS",,
"spray_brawlentines_heart1",,,"sc/sprays.sc","spray_brawlentines_heart1",,,,"COLLECTORS",255,77,213,true,,,,"spray_brawlentines_heart1.png",1000,29,,,,,"BRAWLENTINES",,
"spray_brawlentines_heart2",,,"sc/sprays.sc","spray_brawlentines_heart2",,,,"COLLECTORS",255,77,213,true,,,,"spray_brawlentines_heart2.png",1000,29,,,,,"BRAWLENTINES",,
"spray_candyland1",,,"sc/sprays.sc","spray_candyland1",,,,"COLLECTORS",255,209,18,true,,,,"spray_candyland1.png",,,,,,,,,
"spray_candyland2",,,"sc/sprays.sc","spray_candyland2",,,,"COLLECTORS",131,255,255,true,,,,"spray_candyland2.png",,,,,,,,,
"spray_lny2022",,,"sc/sprays.sc","spray_lny2022",,,,"COLLECTORS",151,255,16,true,,,,"spray_lny2022.png",1000,29,,,,,"LNY",,
"spray_esports2022_punch",,,"sc/sprays.sc","spray_esports2022_punch",,,,"COMMON",102,247,47,true,,,,"spray_esports2022_punch.png",1000,29,,,,true,"WF_2020",,
"spray_gray_1",,,"sc/sprays.sc","spray_gray_1","DoorMan",,,"COMMON",255,255,255,true,,,,"spray_gray.png",750,19,,,,,,,
"spray_rt_1",,,"sc/sprays.sc","spray_rt_1","Splitter",,,"COMMON",255,255,255,true,,,,"spray_rt.png",750,19,,,,true,,,
"spray_willow_1",,,"sc/sprays.sc","spray_willow_1","Puppeteer",,,"COMMON",18,255,209,true,,,,"spray_willow.png",750,19,,,,,,,
"spray_hub1",,,"sc/sprays.sc","spray_hub1",,,,"COLLECTORS",253,243,60,true,,,,"spray_hub1.png",,,,,,,,,
"spray_hub2",,,"sc/sprays.sc","spray_hub2",,,,"COLLECTORS",255,10,98,true,,,,"spray_hub2.png",,,,,,,,,
"spray_otis_mask",,,"sc/sprays.sc","spray_otis_mask","Silencer","SilencerOni",,"COMMON",61,190,255,true,,,,"spray_otis_mask.png",750,19,,,,true,,,
"spray_lola_mask",,,"sc/sprays.sc","spray_lola_mask","Duplicator","DuplicatorKitsune",,"COMMON",255,255,255,true,,,,"spray_lola_mask.png",750,19,,,,true,,,
"spray_dynamike_mask",,,"sc/sprays.sc","spray_dynamike_mask","TntDude","TntDudeTengu",,"COMMON",252,131,42,true,,,,"spray_dynamike_mask.png",750,19,,,,true,,,
"spray_janet_popstar",,,"sc/sprays.sc","spray_janet_popstar",,,,"COLLECTORS",251,243,79,true,,,,"spray_janet_popstar.png",750,19,,,,true,"MUSIC",,
"spray_nani_easter",,,"sc/sprays.sc","spray_nani_easter","Controller","ControllerEaster",,"COMMON",255,167,255,true,,,,"spray_nani_easter.png",750,19,,,,true,,,
"spray_carl_carpet",,,"sc/sprays.sc","spray_carl_carpet","Whirlwind","WhirlwindRamadan",,"COMMON",253,243,60,true,,,,"spray_carl_carpet.png",750,19,,,,true,,,
"spray_ruffs_1",,,"sc/sprays.sc","spray_ruffs_1","Ruffs",,,"COMMON",233,45,172,true,,,,"spray_ruffs.png",750,19,,,,true,,,
"spray_belle_1",,,"sc/sprays.sc","spray_belle_1","ElectroSniper",,,"COMMON",160,243,255,true,,,,"spray_belle.png",750,19,,,,true,,,
"spray_buzz_1",,,"sc/sprays.sc","spray_buzz_1","RopeDude",,,"COMMON",0,255,31,true,,,,"spray_buzz.png",750,19,,,,true,,,
"spray_buster_1",,,"sc/sprays.sc","spray_buster_1","ShieldTank",,,"COMMON",123,245,255,true,,,,"spray_buster.png",750,19,,,,true,,,
"spray_colette_1",,,"sc/sprays.sc","spray_colette_1","Percenter",,,"COMMON",250,170,255,true,,,,"spray_colette.png",750,19,,,,true,,,
"spray_eve_1",,,"sc/sprays.sc","spray_eve_1","Flea",,,"COMMON",164,29,246,true,,,,"spray_eve.png",750,19,,,,true,,,
"spray_fang_1",,,"sc/sprays.sc","spray_fang_1","KickerDude",,,"COMMON",255,198,0,true,,,,"spray_fang.png",750,19,,,,true,,,
"spray_gale_1",,,"sc/sprays.sc","spray_gale_1","Blower",,,"COMMON",68,255,255,true,,,,"spray_gale.png",750,19,,,,true,,,
"spray_janet_1",,,"sc/sprays.sc","spray_janet_1","JetpackGirl",,,"COMMON",254,208,234,true,,,,"spray_janet.png",750,19,,,,true,,,
"spray_lola_1",,,"sc/sprays.sc","spray_lola_1","Duplicator",,,"COMMON",0,214,193,true,,,,"spray_lola.png",750,19,,,,true,,,
"spray_lou_1",,,"sc/sprays.sc","spray_lou_1","IceDude",,,"COMMON",0,233,251,true,,,,"spray_lou.png",750,19,,,,true,,,
"spray_mandy_1",,,"sc/sprays.sc","spray_mandy_1","Beamer",,,"COMMON",255,210,75,true,,,,"spray_mandy.png",750,19,,,,true,,,
"spray_otis_1",,,"sc/sprays.sc","spray_otis_1","Silencer",,,"COMMON",61,251,196,true,,,,"spray_otis.png",750,19,,,,true,,,
"spray_sam_1",,,"sc/sprays.sc","spray_sam_1","WeaponThrower",,,"COMMON",254,226,34,true,,,,"spray_sam.png",750,19,,,,true,,,
"spray_surge_1",,,"sc/sprays.sc","spray_surge_1","PowerLeveler",,,"COMMON",144,60,255,true,,,,"spray_surge.png",750,19,,,,true,,,
"spray_easter2023",,,"sc/sprays.sc","spray_easter2023",,,,"COLLECTORS",0,234,0,true,,,,"spray_easter2023.png",1000,29,,,,,"BUNNY_BRIGADE",,
"spray_challenge_basketball",,,"sc/sprays.sc","spray_challenge_basketball",,,,"COLLECTORS",255,139,35,true,,,,"spray_challenge_basketball.png",,,,,,true,,,
"spray_challenge_duels",,,"sc/sprays.sc","spray_challenge_duels",,,,"COLLECTORS",253,242,80,true,,,,"spray_challenge_duels.png",,,,,,true,,,
"spray_ash_1",,,"sc/sprays.sc","spray_ash_1","Knight",,,"COMMON",255,44,117,true,,,,"spray_ash.png",750,19,,,,true,,,
"spray_gus_1",,,"sc/sprays.sc","spray_gus_1","SoulCollector",,,"COMMON",218,81,251,true,,,,"spray_gus.png",750,19,,,,,,,
"spray_amazon_frog",,,"sc/sprays.sc","spray_amazon_frog",,,,"COLLECTORS",255,39,96,true,,,,"spray_amazon_frog.png",1000,29,,,,true,"JUNGLE",,
"spray_jungle",,,"sc/sprays.sc","spray_jungle",,,,"COLLECTORS",181,180,187,true,,,,"spray_jungle.png",,,,,,,,,
"spray_maisie_1",,,"sc/sprays.sc","spray_maisie_1","Maisie",,,"COMMON",255,0,0,true,,,,"spray_maisie.png",750,19,,,,true,,,
"spray_liltenant_1",,,"sc/sprays.sc","spray_liltenant_1","FishTank",,,"COMMON",195,234,27,true,,,,"spray_liltenant.png",750,19,,,,,,,
"spray_max_jungle",,,"sc/sprays.sc","spray_max_jungle","Speedy","SpeedyLeopard",,"COMMON",255,218,0,true,,,,"spray_max_jungle.png",750,19,,,,true,,,
"spray_buster_jungle",,,"sc/sprays.sc","spray_buster_jungle","ShieldTank","ShieldTankCroc",,"COMMON",6,204,0,true,,,,"spray_buster_jungle.png",750,19,,,,true,,,
"spray_meg_jungle",,,"sc/sprays.sc","spray_meg_jungle",,,,"COMMON",0,219,255,true,,,,"spray_meg_jungle.png",,,,,,true,,,
"spray_brock_olympus",,,"sc/sprays.sc","spray_brock_olympus","RocketGirl","RocketGirlZeus",true,"COMMON",248,213,84,true,,,,"spray_brock_olympus.png",,,,,,true,,,
"spray_nani_olympus",,,"sc/sprays.sc","spray_nani_olympus","Controller","ControllerAres",true,"COMMON",255,188,0,true,,,,"spray_nani_olympus.png",,,,,,true,,,
"spray_tick_olympus",,,"sc/sprays.sc","spray_tick_olympus","ClusterBombDude","ClusterBombDudeCerberus",true,"COMMON",0,201,255,true,,,,"spray_tick_olympus.png",,,,,,true,,,
"spray_emz_gw",,,"sc/sprays.sc","spray_emz_gw","Mummy","MummyHarajuku",,"COMMON",23,229,194,true,,,,"spray_emz_gw.png",750,19,,,,true,,,
"spray_colt_jungle",,,"sc/sprays.sc","spray_colt_jungle","Gunslinger","GunslingerMonkey",,"COMMON",255,246,0,true,,,,"spray_colt_jungle.png",750,19,,,,true,,,
"spray_bling",,,"sc/sprays.sc","spray_bling",,,,"COLLECTORS",255,252,194,true,,,,"spray_bling.png",1000,29,,,,true,"MISC",,
"spray_gw",,,"sc/sprays.sc","spray_gw",,,,"COLLECTORS",46,255,215,true,,,,"spray_gw.png",1000,29,,,,true,"GOLDENWEEK",,
"spray_mushroom",,,"sc/sprays.sc","spray_mushroom",,,,"COLLECTORS",184,255,137,true,,,,"spray_mushroom.png",,,,,,,,,
"spray_tq",,,"sc/sprays.sc","spray_tq",,,,"COMMON",249,216,73,true,,,,"spray_tq.png",,,true,,,,"WF_2020",true,
"spray_stmn",,,"sc/sprays.sc","spray_stmn",,,,"COMMON",67,151,133,true,,,,"spray_stmn.png",,29,,,,,"WF_2020",,
"spray_sk",,,"sc/sprays.sc","spray_sk",,,,"COMMON",122,52,245,true,,,,"spray_sk.png",,29,,,,,"WF_2020",,
"spray_zeta",,,"sc/sprays.sc","spray_zeta",,,,"COMMON",215,254,81,true,,,,"spray_zeta.png",,29,,,,,"WF_2020",,
"spray_totem",,,"sc/sprays.sc","spray_totem",,,,"COMMON",79,174,79,true,,,,"spray_totem.png",,29,,,,,"WF_2020",,
"spray_qlash",,,"sc/sprays.sc","spray_qlash",,,,"COMMON",105,228,222,true,,,,"spray_qlash.png",,29,true,,,,"WF_2020",true,
"spray_tribe",,,"sc/sprays.sc","spray_tribe",,,,"COMMON",215,40,53,true,,,,"spray_tribe.png",,29,,,,,"WF_2020",,
"spray_navi",,,"sc/sprays.sc","spray_navi",,,,"COMMON",252,237,79,true,,,,"spray_navi.png",,29,,,,,"WF_2020",,
"spray_fire_love",,,"sc/sprays.sc","spray_fire_love",,,,"COMMON",234,51,74,true,,,,"spray_fire_love.png",1000,29,,,,,,,
"spray_esports_greenbear",,,"sc/sprays.sc","spray_esports_greenbear",,,,"COMMON",169,230,96,true,,,,"spray_esports_greenbear.png",,,,,,,,,
"spray_fut",,,"sc/sprays.sc","spray_fut",,,,"COMMON",219,48,75,true,,,,"spray_fut.png",,29,,,,,"WF_2020",,
"spray_luminosity",,,"sc/sprays.sc","spray_luminosity",,,,"COMMON",100,185,216,true,,,,"spray_luminosity.png",,29,,,,,"WF_2020",,
"spray_8bit_enchanted",,,"sc/sprays.sc","spray_8bit_enchanted","Arcade","ArcadeHauntedHouse",,"COMMON",98,214,179,true,,,,"spray_8bit_enchanted.png",750,19,,,,,,,
"spray_janet_enchanted",,,"sc/sprays.sc","spray_janet_enchanted","JetpackGirl","JetpackGirlDarkFairy",,"COMMON",214,101,129,true,,,,"spray_janet_enchanted.png",750,19,,,,,,,
"spray_chester_enchanted",,,"sc/sprays.sc","spray_chester_enchanted","Jester","JesterWoodspirit",,"COMMON",218,75,52,true,,,,"spray_chester_enchanted.png",750,19,,,,,,,
"spray_lou_enchanted",,,"sc/sprays.sc","spray_lou_enchanted",,,,"COMMON",220,215,210,true,,,,"spray_lou_enchanted.png",750,19,,,,,,,
"spray_crow_phoenix",,,"sc/sprays.sc","spray_crow_phoenix","Crow","CrowPheonix",true,"COMMON",255,200,19,true,,,,"spray_crow_phoenix.png",,,,,,,,,
"spray_meg_cursed",,,"sc/sprays.sc","spray_meg_cursed","MechaDude","MechaDudePirate",true,"COMMON",123,50,208,true,,,,"spray_meg_cursed.png",,,,,,,,,
"spray_surge_cursed",,,"sc/sprays.sc","spray_surge_cursed","PowerLeveler","PowerLevelerKraken",,"COMMON",255,122,72,true,,,,"spray_surge_cursed.png",750,19,,,,,,,
"spray_bibi_cursed",,,"sc/sprays.sc","spray_bibi_cursed","Baseball","BaseballPirate",true,"COMMON",255,0,107,true,,,,"spray_bibi_cursed.png",,,,,,,,,
"spray_griff_cursed",,,"sc/sprays.sc","spray_griff_cursed","AssaultShotgun","AssaultShotgunTreasure",,"COMMON",255,1,68,true,,,,"spray_griff_cursed.png",750,19,,,,,,,
"spray_floaty_donut",,,"sc/sprays.sc","spray_floaty_donut",,,,"COLLECTORS",190,74,213,true,,,,"spray_floaty_donut.png",1000,29,,,,true,"SUMMER",,
"spray_doug",,,"sc/sprays.sc","spray_doug","Reviver",,,"COMMON",247,63,159,true,,,,"spray_doug.png",750,19,,,,,,,
"spray_floaty_hotdog",,,"sc/sprays.sc","spray_floaty_hotdgog",,,,"COLLECTORS",250,154,62,true,,,,"spray_floaty_hotdog.png",1000,29,,,,true,"SUMMER",,
"spray_floaty_palmtree",,,"sc/sprays.sc","spray_floaty_palmtree",,,,"COLLECTORS",76,212,81,true,,,,"spray_floaty_palmtree.png",1000,29,,,,true,"SUMMER",,
"spray_floaty_flamingo",,,"sc/sprays.sc","spray_floaty_flamingo",,,,"COLLECTORS",248,141,187,true,,,,"spray_floaty_flamingo.png",1000,29,,,,true,"SUMMER",,
"spray_cordelius",,,"sc/sprays.sc","spray_cordelius","Duelist",,,"COMMON",255,208,0,true,,,,"spray_cordelius.png",750,19,,,,,,,
"spray_cordelius_wasteland",,,"sc/sprays.sc","spray_cordelius_wasteland","Duelist","DuelistWasteland",,"COMMON",228,79,93,true,,,,"spray_cordelius_wasteland.png",750,19,,,,,,,
"spray_hank_wasteland",,,"sc/sprays.sc","spray_hank_wasteland","FishTank","FishTankWasteland",true,"COMMON",243,134,178,true,,,,"spray_hank_wasteland.png",,,,,,,,,
"spray_maisie_wasteland",,,"sc/sprays.sc","spray_maisie_wasteland",,,,"COMMON",162,208,52,true,,,,"spray_maisie_wasteland.png",,,,,,,,,
"spray_willow_wasteland",,,"sc/sprays.sc","spray_willow_wasteland",,,,"COMMON",190,57,234,true,,,,"spray_willow_wasteland.png",750,19,,,,,"WASTELAND",,
"spray_mandy_harvest",,,"sc/sprays.sc","spray_mandy_harvest","Beamer","Beamerharvest",,"COMMON",242,123,209,true,,,,"spray_mandy_harvest.png",750,19,,,,,,,
"spray_janet_moon",,,"sc/sprays.sc","spray_janet_moon","JetpackGirl","JetpackGirlMoon",true,"COMMON",255,255,255,true,,,,"spray_janet_moon.png",,,,,,,,,
"spray_rosa_university",,,"sc/sprays.sc","spray_rosa_university","Rosa","RosaUniversity",,"COMMON",43,127,250,true,,,,"spray_rosa_university.png",750,19,,,,,,,
"spray_squeak_university",,,"sc/sprays.sc","spray_squeak_university","StickyBomb","StickyBombUniversity",,"COMMON",241,106,138,true,,,,"spray_squeak_university.png",750,19,,,,,,,
"spray_stu_university",,,"sc/sprays.sc","spray_stu_university","Roller","RollerUniversity",true,"COMMON",61,201,118,true,,,,"spray_stu_university.png",,,,,,,,,
"spray_edgar_mecha",,,"sc/sprays.sc","spray_edgar_mecha","Enrager","EnragerMecha",true,"COMMON",94,105,249,true,,,,"spray_edgar_mecha.png",,,,,,,,,
"spray_pearl",,,"sc/sprays.sc","spray_pearl","Cooker",,,"COMMON",243,129,58,true,,,,"spray_pearl.png",750,19,,,,,,,
"spray_chuck",,,"sc/sprays.sc","spray_chuck","Conductor",,,"COMMON",192,252,79,true,,,,"spray_chuck.png",750,19,,,,,,,
"spray_wasteland",,,"sc/sprays.sc","spray_wasteland",,,,"COLLECTORS",184,255,137,true,,,,"spray_wasteland.png",,,,,,true,,,
"spray_university_equal",,,"sc/sprays.sc","spray_university_equal",,,,"COLLECTORS",0,255,255,true,,,,"spray_university_equal.png",1000,29,,,,true,"UNIVERSITY",,
"spray_university_minus",,,"sc/sprays.sc","spray_university_minus",,,,"COLLECTORS",249,51,255,true,,,,"spray_university_minus.png",1000,29,,,,true,"UNIVERSITY",,
"spray_university_plus",,,"sc/sprays.sc","spray_university_plus",,,,"COLLECTORS",75,255,0,true,,,,"spray_university_plus.png",1000,29,,,,true,"UNIVERSITY",,
"spray_overcharge_bull",,,"sc/sprays.sc","spray_overcharge_bull","BullDude","BullGuyDefault",true,"COLLECTORS",233,80,255,true,,,,"spray_overcharge_bull.png",,,,,,true,,,
"spray_overcharge_colt",,,"sc/sprays.sc","spray_overcharge_colt","Gunslinger","GunSlingerDefault",true,"COLLECTORS",233,80,255,true,,,,"spray_overcharge_colt.png",,,,,,true,,,
"spray_overcharge_jacky",,,"sc/sprays.sc","spray_overcharge_jacky","Driller","DrillerDefault",true,"COLLECTORS",233,80,255,true,,,,"spray_overcharge_jacky.png",,,,,,true,,,
"spray_overcharge_pearl",,,"sc/sprays.sc","spray_overcharge_pearl","Cooker","CookerDefault",true,"COLLECTORS",233,80,255,true,,,,"spray_overcharge_pearl.png",,,,,,true,,,
"spray_overcharge_shelly",,,"sc/sprays.sc","spray_overcharge_shelly","ShotgunGirl","BanditGirlDefault",true,"COLLECTORS",233,80,255,true,,,,"spray_overcharge_shelly.png",,,,,,true,,,
"spray_overcharge_spike",,,"sc/sprays.sc","spray_overcharge_spike","Cactus","CactusDefault",true,"COLLECTORS",233,80,255,true,,,,"spray_overcharge_spike.png",,,,,,true,,,
"spray_sad_clown",,,"sc/sprays.sc","spray_sad_clown",,,,"COLLECTORS",255,255,255,true,,,,"spray_sad_clown.png",,,,,,true,"CIRCUS",,
"spray_lola_circus",,,"sc/sprays.sc","spray_lola_circus",,,,"COMMON",162,208,52,true,,,,"spray_lola_circus.png",,,,,,,,,
"spray_overcharge_jessie",,,"sc/sprays.sc","spray_overcharge_jessie","Mechanic","MechanicDefault",true,"COLLECTORS",233,80,255,true,,,,"spray_overcharge_jessie.png",,,,,,true,,,
"spray_overcharge_rosa",,,"sc/sprays.sc","spray_overcharge_rosa","Rosa","RosaDefault",true,"COLLECTORS",233,80,255,true,,,,"spray_overcharge_rosa.png",,,,,,true,,,
"spray_overcharge_colette",,,"sc/sprays.sc","spray_overcharge_colette","Percenter","PercenterDefault",true,"COLLECTORS",233,80,255,true,,,,"spray_overcharge_colette.png",,,,,,true,,,
"spray_overcharge_lou",,,"sc/sprays.sc","spray_overcharge_lou","IceDude","IceDudeDefault",true,"COLLECTORS",233,80,255,true,,,,"spray_overcharge_lou.png",,,,,,true,,,
"spray_overcharge_maisie",,,"sc/sprays.sc","spray_overcharge_maisie","Maisie","MaisieDefault",true,"COLLECTORS",233,80,255,true,,,,"spray_overcharge_maisie.png",,,,,,true,,,
"spray_overcharge_charlie",,,"sc/sprays.sc","spray_overcharge_charlie","Cocooner","CocoonerDefault",true,"COLLECTORS",233,80,255,true,,,,"spray_overcharge_charlie.png",,,,,,true,,,
"spray_charlie",,,"sc/sprays.sc","spray_charlie","Cocooner",,,"COMMON",255,201,0,true,,,,"spray_charlie.png",750,19,,,,true,,,
"spray_leon_wolf",,,"sc/sprays.sc","spray_leon_wolf","Ninja","NinjaBrawloween",true,"COMMON",241,253,255,true,,,,"spray_leon_wolf.png",,,,,,,,,
"spray_shelly_witch",,,"sc/sprays.sc","spray_shelly_witch","ShotgunGirl","ShotgunGirlBrawloween",true,"COMMON",237,10,120,true,,,,"spray_shelly_witch.png",,,,,,,,,
"spray_grom_hindu",,,"sc/sprays.sc","spray_grom_hindu","CrossBomber","CrossBomberHindu",true,"COMMON",0,247,0,true,,,,"spray_grom_hindu.png",,,,,,,,,
"spray_bo_hindu",,,"sc/sprays.sc","spray_bo_hindu","BowDude","BowDudeHinduChroma",true,"COMMON",18,222,250,true,,,,"spray_bo_hindu.png",,,,,,,,,
"spray_frank_hindu",,,"sc/sprays.sc","spray_frank_hindu","HammerDude","HammerDudeHindu",true,"COMMON",255,95,174,true,,,,"spray_frank_hindu.png",,,,,,,,,
"spray_byron_circus",,,"sc/sprays.sc","spray_byron_circus","SnakeOil","SnakeOilDarkcircus",true,"COMMON",252,127,197,true,,,,"spray_byron_circus.png",,,,,,,,,
"spray_nita_circus",,,"sc/sprays.sc","spray_nita_circus","Shaman","ShamanDarkcircus",true,"COMMON",255,22,47,true,,,,"spray_nita_circus.png",,,,,,,,,
"spray_mike_robo",,,"sc/sprays.sc","spray_mike_robo","TntDude","TntDudeMecha",true,"COMMON",255,255,112,true,,,,"spray_mike_robo.png",,,,,,,,,
"spray_pam_evilqueen",,,"sc/sprays.sc","spray_pam_evilqueen","MinigunDude","MinigunDudeQueen",true,"COMMON",255,7,24,true,,,,"spray_pam_evilqueen.png",,,,,,,,,
"spray_saw_robot_01",,,"sc/sprays.sc","spray_saw_robot_01",,,,"COLLECTORS",144,84,229,true,,,,"spray_saw_robot_01.png",1000,29,,,,true,"CIRCUS",,
"spray_saw_robot_02",,,"sc/sprays.sc","spray_saw_robot_02",,,,"COLLECTORS",144,84,229,true,,,,"spray_saw_robot_02.png",1000,29,,,,true,"CIRCUS",,
"spray_saw_robot_03",,,"sc/sprays.sc","spray_saw_robot_03",,,,"COLLECTORS",144,84,229,true,,,,"spray_saw_robot_03.png",1000,29,,,,true,"CIRCUS",,
"spray_cartoon_cloud",,,"sc/sprays.sc","spray_cartoon_cloud",,,,"COLLECTORS",255,215,253,true,,,,"spray_cartoon_cloud.png",,,,,,true,,,
"spray_lny_dragon",,,"sc/sprays.sc","spray_lny_dragon",,,,"COLLECTORS",255,255,0,true,,,,"spray_lny_dragon.png",,,,,,true,,,
"spray_cartoon_starr",,,"sc/sprays.sc","spray_cartoon_starr",,,,"COMMON",255,241,0,true,,,,"spray_cartoon_starr.png",,,,,,,,,
"spray_overcharge_crow",,,"sc/sprays.sc","spray_overcharge_crow","Crow","CrowDefault",true,"COLLECTORS",233,80,255,true,,,,"spray_overcharge_crow.png",,,,,,true,,,
"spray_overcharge_leon",,,"sc/sprays.sc","spray_overcharge_leon","Ninja","NinjaDefault",true,"COLLECTORS",233,80,255,true,,,,"spray_overcharge_leon.png",,,,,,true,,,
"spray_overcharge_edgar",,,"sc/sprays.sc","spray_overcharge_edgar","Enrager","EnragerDefault",true,"COLLECTORS",233,80,255,true,,,,"spray_overcharge_edgar.png",,,,,,true,,,
"spray_overcharge_fang",,,"sc/sprays.sc","spray_overcharge_fang","KickerDude","KickerDudeDefault",true,"COLLECTORS",233,80,255,true,,,,"spray_overcharge_fang.png",,,,,,true,,,
"spray_overcharge_dynamike",,,"sc/sprays.sc","spray_overcharge_dynamike","TntDude","TntGuyDefault",true,"COLLECTORS",233,80,255,true,,,,"spray_overcharge_dynamike.png",,,,,,true,,,
"spray_overcharge_mico",,,"sc/sprays.sc","spray_overcharge_mico","Leaper","LeaperDefault",true,"COLLECTORS",233,80,255,true,,,,"spray_overcharge_mico.png",,,,,,true,,,
"spray_mico",,,"sc/sprays.sc","spray_mico","Leaper",,,"COMMON",54,123,209,true,,,,"spray_mico.png",750,19,,,,,,,
"spray_kit",,,"sc/sprays.sc","spray_kit","Attacher",,,"COMMON",255,255,255,true,,,,"spray_kit.png",750,19,,,,,,,
"spray_twins",,,"sc/sprays.sc","spray_twins","Twins",,,"COMMON",249,215,79,true,,,,"spray_twins.png",750,19,,,,,,,
"spray_wc2023",,,"sc/sprays.sc","spray_wc2023",,,,"COLLECTORS",249,215,79,true,,,,"spray_wc2023.png",,,,,,true,,,
"spray_carnaval",,,"sc/sprays.sc","spray_carnaval",,,,"COLLECTORS",117,252,230,true,,,,"spray_carnaval.png",1000,29,,,,true,"CARNAVAL",,
"spray_xmas_candy",,,"sc/sprays.sc","spray_xmas_candy",,,,"COLLECTORS",102,221,227,true,,,,"spray_xmas_candy.png",1000,29,,,,true,"BRAWLIDAYS",,
"spray_xmas_kiss",,,"sc/sprays.sc","spray_xmas_kiss",,,,"COLLECTORS",234,62,75,true,,,,"spray_xmas_kiss.png",1000,29,,,,true,"BRAWLIDAYS",,
"spray_primo_superbowl",,,"sc/sprays.sc","spray_primo_superbowl","Luchador","LuchadorSuperbowl",true,"COMMON",239,137,51,true,,,,"spray_primo_superbowl.png",,,,,,,,,
"spray_8bit_virus",,,"sc/sprays.sc","spray_8bit_virus","Arcade","ArcadeVirusChroma",true,"COMMON",174,35,175,true,,,,"spray_8bit_virus.png",,,,,,,,,
"spray_frank_clash_blue",,,"sc/sprays.sc","spray_frank_clash_blue","HammerDude","HammerDudeClashKingChromaBlue",true,"COMMON",40,89,186,true,,,,"spray_frank_clash_blue.png",,,,,,,,,
"spray_spike_cartoon",,,"sc/sprays.sc","spray_spike_cartoon","Cactus","Cactuscartoon",true,"COMMON",124,202,68,true,,,,"spray_spike_cartoon.png",,,,,,,,,
"spray_mico_wukong",,,"sc/sprays.sc","spray_mico_wukong","Leaper","Leaperwukong",true,"COMMON",252,236,129,true,,,,"spray_mico_wukong.png",,,,,,,,,
"spray_frank_clash_red",,,"sc/sprays.sc","spray_frank_clash_red","HammerDude","HammerDudeClashKingChromaRed",true,"COMMON",255,0,43,true,,,,"spray_frank_clash_red.png",,,,,,,,,
"spray_8bit_virus_og",,,"sc/sprays.sc","spray_8bit_virus_og","Arcade","ArcadeVirus",true,"COMMON",201,255,115,true,,,,"spray_8bit_virus_og.png",,,,,,,,,
"spray_ssg",,,"sc/sprays.sc","spray_ssg",,,,"COMMON",255,215,0,true,,,,"spray_ssg.png",,29,,,,,"WF_2020",,
"spray_ragnarok",,,"sc/sprays.sc","spray_ragnarok",,,,"COLLECTORS",2,236,255,true,,,,"spray_ragnarok.png",,,,,,true,,,
"spray_sandsoftime",,,"sc/sprays.sc","spray_sandsoftime",,,,"COLLECTORS",255,229,146,true,,,,"spray_sandsoftime.png",,,,,,true,,,
"spray_esports_sandsoftime",,,"sc/sprays.sc","spray_esports_sandsoftime",,,,"COLLECTORS",255,216,54,true,,,,"spray_esports_sandsoftime.png",,,,,,true,,,
"spray_easter_2024",,,"sc/sprays.sc","spray_easter_2024",,,,"COLLECTORS",208,220,220,true,,,,"spray_easter_2024.png",1000,29,,,,true,"BUNNY_BRIGADE",,
"spray_ranked_sandsoftime",,,"sc/sprays.sc","spray_ranked_sandsoftime",,,,"COLLECTORS",233,80,255,true,,,,"spray_ranked_sandsoftime.png",,,,,,true,,,
"spray_ranked_ragnarok",,,"sc/sprays.sc","spray_ranked_ragnarok",,,,"COLLECTORS",233,80,255,true,,,,"spray_ranked_ragnarok.png",,,,,,true,,,
"spray_overcharge_belle",,,"sc/sprays.sc","spray_overcharge_belle","ElectroSniper","ElectroSniperDefault",,"COLLECTORS",233,80,255,true,,,,"spray_overcharge_belle.png",,,,,,true,,,
"spray_overcharge_bibi",,,"sc/sprays.sc","spray_overcharge_bibi","Baseball","BaseballDefault",,"COLLECTORS",233,80,255,true,,,,"spray_overcharge_bibi.png",,,,,,true,,,
"spray_overcharge_buzz",,,"sc/sprays.sc","spray_overcharge_buzz","RopeDude","RopeDudeDefault",,"COLLECTORS",233,80,255,true,,,,"spray_overcharge_buzz.png",,,,,,true,,,
"spray_overcharge_cordelius",,,"sc/sprays.sc","spray_overcharge_cordelius","Duelist","DuelistDefault",,"COLLECTORS",233,80,255,true,,,,"spray_overcharge_cordelius.png",,,,,,true,,,
"spray_overcharge_elprimo",,,"sc/sprays.sc","spray_overcharge_elprimo","Luchador","LuchadorDefault",,"COLLECTORS",233,80,255,true,,,,"spray_overcharge_elprimo.png",,,,,,true,,,
"spray_overcharge_sprout",,,"sc/sprays.sc","spray_overcharge_sprout","Wally","WallyDefault",,"COLLECTORS",233,80,255,true,,,,"spray_overcharge_sprout.png",,,,,,true,,,
"spray_womenday",,,"sc/sprays.sc","spray_womenday",,,,"COLLECTORS",233,80,255,true,,,,"spray_womenday.png",1000,29,,,,true,"MISC",,
"spray_bibi_ragnarok",,,"sc/sprays.sc","spray_bibi_ragnarok","Baseball","BaseballThor",true,"COMMON",0,216,255,true,,,,"spray_bibi_ragnarok.png",,,,,,,,,
"spray_chuck_sands",,,"sc/sprays.sc","spray_chuck_sands","Conductor","ConductorScorpion",true,"COMMON",244,154,1,true,,,,"spray_chuck_sands.png",,,,,,,,,
"spray_colt_mecha",,,"sc/sprays.sc","spray_colt_mecha","Gunslinger","GunslingerMecha",true,"COMMON",86,48,255,true,,,,"spray_colt_mecha.png",,,,,,,,,
"spray_crow_mecha",,,"sc/sprays.sc","spray_crow_mecha","Crow","CrowMecha",true,"COMMON",2,175,255,true,,,,"spray_crow_mecha.png",,,,,,,,,
"spray_edgar_sands",,,"sc/sprays.sc","spray_edgar_sands","Enrager","EnragerThief",true,"COMMON",255,211,0,true,,,,"spray_edgar_sands.png",,,,,,,,,
"spray_jessie_ragnarok",,,"sc/sprays.sc","spray_jessie_ragnarok","Mechanic","MechanicSkadi",true,"COMMON",255,230,221,true,,,,"spray_jessie_ragnarok.png",,,,,,,,,
"spray_leon_mecha",,,"sc/sprays.sc","spray_leon_mecha","Ninja","NinjaMecha",true,"COMMON",146,255,244,true,,,,"spray_leon_mecha.png",,,,,,,,,
"spray_spike_poop",,,"sc/sprays.sc","spray_spike_poop","Cactus","CactusPoop",true,"COMMON",131,39,0,true,,,,"spray_spike_poop.png",,,,,,,,,
"spray_angelo",,,"sc/sprays.sc","spray_angelo","InsectMan",,,"COMMON",255,113,64,true,,,,"spray_angelo.png",750,19,,,,,,,
"spray_melody",,,"sc/sprays.sc","spray_melody","AxeJuggler",,,"COMMON",255,128,179,true,,,,"spray_melody.png",750,19,,,,,,,
"spray_bp_godzilla",,,"sc/sprays.sc","spray_bp_godzilla",,,,"COLLECTORS",205,103,85,true,,,,"spray_bp_godzilla.png",,,,,,true,"GODZILLA",,
"spray_bp_hackers",,,"sc/sprays.sc","spray_bp_hackers",,,,"COLLECTORS",6,89,69,true,,,,"spray_bp_hackers.png",,,,,,true,"HACKER",,
"spray_godzilla_egg",,,"sc/sprays.sc","spray_godzilla_egg",,,,"COMMON",123,255,17,true,,,,"spray_godzilla_egg.png",1000,29,,,,true,"GODZILLA",,
"spray_godzilla_team",,,"sc/sprays.sc","spray_godzilla_team",,,,"COMMON",2,168,140,true,,,,"spray_godzilla_team.png",1000,29,,,,true,"GODZILLA",,
"spray_godzilla_team_mecha",,,"sc/sprays.sc","spray_godzilla_team_mecha",,,,"COMMON",255,201,51,true,,,,"spray_godzilla_team_mecha.png",1000,29,,,,true,"GODZILLA",,
"spray_mutation_sign",,,"sc/sprays.sc","spray_mutation_sign",,,,"COMMON",252,205,16,true,,,,"spray_mutation_sign.png",1000,29,,,,true,"GODZILLA",,
"spray_ranked_godzilla",,,"sc/sprays.sc","spray_ranked_godzilla",,,,"COLLECTORS",232,243,252,true,,,,"spray_ranked_godzilla.png",,,,,,true,"GODZILLA",,
"spray_ranked_hackers",,,"sc/sprays.sc","spray_ranked_hackers",,,,"COLLECTORS",245,108,0,true,,,,"spray_ranked_hackers.png",,,,,,true,"HACKER",,
"spray_lili",,,"sc/sprays.sc","spray_lili","Ambusher",,,"COMMON",255,123,255,true,,,,"spray_lili.png",750,19,,,,,,,
"spray_draco",,,"sc/sprays.sc","spray_draco","DragonRider",,,"COMMON",179,229,0,true,,,,"spray_draco.png",750,19,,,,,,,
"spray_shelly_squad",,,"sc/sprays.sc","spray_shelly_squad","ShotgunGirl","ShotgunGirlSquad",true,"COMMON",255,56,182,true,,,,"spray_shelly_squad.png",,,,,,,,,
"spray_nita_godzilla",,,"sc/sprays.sc","spray_nita_godzilla","Shaman","ShamanGodzilla",true,"COMMON",0,137,218,true,,,,"spray_nita_godzilla.png",,,,,,,,,
"spray_fang_virus",,,"sc/sprays.sc","spray_fang_virus","KickerDude","KickerDudeVirus",true,"COMMON",0,254,175,true,,,,"spray_fang_virus.png",,,,,,,,,
"spray_charlie_virus",,,"sc/sprays.sc","spray_charlie_virus","Cocooner","CocoonerVirus",true,"COMMON",77,241,80,true,,,,"spray_charlie_virus.png",,,,,,,,,
"spray_buzz_godzilla",,,"sc/sprays.sc","spray_buzz_godzilla","RopeDude","RopeDudeGodzilla",true,"COMMON",3,190,255,true,,,,"spray_buzz_godzilla.png",,,,,,,,,
"spray_bo_mecha",,,"sc/sprays.sc","spray_bo_mecha","BowDude","BoMecha",true,"COMMON",255,119,1,true,,,,"spray_bo_mecha.png",,,,,,,,,
"spray_bibi_virus",,,"sc/sprays.sc","spray_bibi_virus","Baseball","BaseballGamer_remake",true,"COMMON",255,114,216,true,,,,"spray_bibi_virus.png",,,,,,,,,
"spray_amber_ice",,,"sc/sprays.sc","spray_amber_ice","FireDude","FireDudeFrost",true,"COMMON",51,217,255,true,,,,"spray_amber_ice.png",,,,,,,,,
"spray_overcharge_tick",,,"sc/sprays.sc","spray_overcharge_tick","ClusterBombDude","ClusterBombDefault",,"COLLECTORS",233,80,255,true,,,,"spray_overcharge_tick.png",,,,,,true,,,
"spray_overcharge_sandy",,,"sc/sprays.sc","spray_overcharge_sandy","Sandstorm","SandstormDefault",,"COLLECTORS",233,80,255,true,,,,"spray_overcharge_sandy.png",,,,,,true,,,
"spray_overcharge_nita",,,"sc/sprays.sc","spray_overcharge_nita","Shaman","ShamanDefault",,"COLLECTORS",233,80,255,true,,,,"spray_overcharge_nita.png",,,,,,true,,,
"spray_overcharge_max",,,"sc/sprays.sc","spray_overcharge_max","Speedy","SpeedyDefault",,"COLLECTORS",233,80,255,true,,,,"spray_overcharge_max.png",,,,,,true,,,
"spray_overcharge_gene",,,"sc/sprays.sc","spray_overcharge_gene","HookDude","HookDefault",,"COLLECTORS",233,80,255,true,,,,"spray_overcharge_gene.png",,,,,,true,,,
"spray_overcharge_brock",,,"sc/sprays.sc","spray_overcharge_brock","RocketGirl","RocketGirlDefault",,"COLLECTORS",233,80,255,true,,,,"spray_overcharge_brock.png",,,,,,true,,,
"spray_creators",,,"sc/sprays.sc","spray_creators",,,,"COLLECTORS",69,217,161,true,,,,"spray_creators.png",,,,,,true,,,
"spray_bp_deepsea-extra1",,,"sc/sprays.sc","spray_bp_deepsea-extra1",,,,"COLLECTORS",255,54,241,true,,,,"spray_bp_deepsea-extra1.png",1000,29,,,,true,"DEEPSEA",,
"spray_bp_deepsea-extra2",,,"sc/sprays.sc","spray_bp_deepsea-extra2",,,,"COLLECTORS",255,0,28,true,,,,"spray_bp_deepsea-extra2.png",1000,29,,,,true,"DEEPSEA",,
"spray_bp_deepsea",,,"sc/sprays.sc","spray_bp_deepsea",,,,"COLLECTORS",0,238,255,true,,,,"spray_bp_deepsea.png",,,,,,true,"DEEPSEA",,
"spray_bp_olympic",,,"sc/sprays.sc","spray_bp_olympic",,,,"COLLECTORS",255,216,0,true,,,,"spray_bp_olympic.png",,,,,,true,"OLYMPUS",,
"spray_ranked_deepsea",,,"sc/sprays.sc","spray_ranked_deepsea",,,,"COLLECTORS",0,205,255,true,,,,"spray_ranked_deepsea.png",,,,,,true,"DEEPSEA",,
"spray_ranked_olympic",,,"sc/sprays.sc","spray_ranked_olympic",,,,"COLLECTORS",255,216,0,true,,,,"spray_ranked_olympic.png",,,,,,true,"OLYMPUS",,
"spray_berry",,,"sc/sprays.sc","spray_berry","Painter",,,"COMMON",205,134,225,true,,,,"spray_berry.png",750,19,,,,,,,
"spray_clancy",,,"sc/sprays.sc","spray_clancy","Crab",,,"COMMON",225,22,57,true,,,,"spray_clancy.png",750,19,,,,,,,
"spray_hypercharge_angelo",,,"sc/sprays.sc","spray_hypercharge_angelo","InsectMan","InsectManDefault",,"COLLECTORS",233,80,255,true,,,,"spray_hypercharge_angelo.png",,,,,,true,,,
"spray_hypercharge_barley",,,"sc/sprays.sc","spray_hypercharge_barley","Barkeep","BarkeepDefault",,"COLLECTORS",233,80,255,true,,,,"spray_hypercharge_barley.png",,,,,,true,,,
"spray_hypercharge_emz",,,"sc/sprays.sc","spray_hypercharge_emz","Mummy","MummyDefault",,"COLLECTORS",233,80,255,true,,,,"spray_hypercharge_emz.png",,,,,,true,,,
"spray_hypercharge_frank",,,"sc/sprays.sc","spray_hypercharge_frank","HammerDude","FrankDefault",,"COLLECTORS",233,80,255,true,,,,"spray_hypercharge_frank.png",,,,,,true,,,
"spray_hypercharge_gale",,,"sc/sprays.sc","spray_hypercharge_gale","Blower","BlowerDefault",,"COLLECTORS",233,80,255,true,,,,"spray_hypercharge_gale.png",,,,,,true,,,
"spray_hypercharge_piper",,,"sc/sprays.sc","spray_hypercharge_piper","Sniper","SniperDefault",,"COLLECTORS",233,80,255,true,,,,"spray_hypercharge_piper.png",,,,,,true,,,
"spray_hypercharge_rico",,,"sc/sprays.sc","spray_hypercharge_rico","TrickshotDude","TrickshotDefault",,"COLLECTORS",233,80,255,true,,,,"spray_hypercharge_rico.png",,,,,,true,,,
"spray_bull_greek",,,"sc/sprays.sc","spray_bull_greek","BullDude","BullDudeGreek",true,"COMMON",255,255,137,true,,,,"spray_bull_greek.png",,,,,,,,,
"spray_piper_greek",,,"sc/sprays.sc","spray_piper_greek","Sniper","SniperGreek",true,"COMMON",255,156,29,true,,,,"spray_piper_greek.png",,,,,,,,,
"spray_rico_loaded_new",,,"sc/sprays.sc","spray_rico_loaded_new","TrickshotDude","TrickshotDudeKing_remake",true,"COMMON",132,247,1,true,,,,"spray_rico_loaded_new.png",,,,,,,,,
"spray_rt_greek",,,"sc/sprays.sc","spray_rt_greek","Splitter","SplitterGreek",true,"COMMON",255,90,0,true,,,,"spray_rt_greek.png",,,,,,,,,
"spray_cheese",,,"sc/sprays.sc","spray_cheese",,,,"COMMON",250,255,53,true,,,,"spray_cheese.png",,,,,,,,,
"spray_esports_greek",,,"sc/sprays.sc","spray_esports_greek",,,,"COLLECTORS",255,152,18,true,,,,"spray_esports_greek.png",,,,,,true,"WF_2020",,
"spray_bp_sb",,,"sc/sprays.sc","spray_bp_sb",,,,"COLLECTORS",250,255,53,true,,,,"spray_bp_sb.png",,,,,,true,"SPONGEBOB",,
"spray_ranked_sb",,,"sc/sprays.sc","spray_ranked_sb",,,,"COLLECTORS",255,160,174,true,,,,"spray_ranked_sb.png",,,,,,true,"SPONGEBOB",,
"spray_event_sb_gary",,,"sc/sprays.sc","spray_event_sb_gary",,,,"COLLECTORS",255,89,121,true,,,,"spray_event_sb_gary.png",,,,,,true,"SPONGEBOB",,
"spray_event_sb_patty",,,"sc/sprays.sc","spray_event_sb_patty",,,,"COLLECTORS",255,152,56,true,,,,"spray_event_sb_patty.png",,,,,,true,"SPONGEBOB",,
"spray_event_sb_sponge",,,"sc/sprays.sc","spray_event_sb_sponge",,,,"COLLECTORS",250,255,53,true,,,,"spray_event_sb_sponge.png",,,,,,true,"SPONGEBOB",,
"spray_elprimo_sb",,,"sc/sprays.sc","spray_elprimo_sb","Luchador","LuchadorSB",true,"COLLECTORS",36,134,255,true,,,,"spray_elprimo_sb.png",,,,,,,,,
"spray_bp_darkonce",,,"sc/sprays.sc","spray_bp_darkonce",,,,"COLLECTORS",158,247,55,true,,,,"spray_bp_darkonce.png",,,,,,true,"ONCEUPON",,
"spray_crow_moon",,,"sc/sprays.sc","spray_crow_moon","Crow","CrowHarvest",true,"COMMON",255,66,1,true,,,,"spray_crow_moon.png",,,,,,,,,
"spray_digger",,,"sc/sprays.sc","spray_digger","Digger",,,"COMMON",255,1,98,true,,,,"spray_digger.png",750,19,,,,,,,
"spray_draco_darkonce",,,"sc/sprays.sc","spray_draco_darkonce","DragonRider","DragonRiderOnceupon",true,"COMMON",0,251,255,true,,,,"spray_draco_darkonce.png",,,,,,true,"ONCEUPON",,
"spray_event_moon_1",,,"sc/sprays.sc","spray_event_moon_1",,,,"COLLECTORS",255,249,54,true,,,,"spray_event_moon_1.png",,,,,,,"LUNAREVENT",,
"spray_event_moon_2",,,"sc/sprays.sc","spray_event_moon_2",,,,"COLLECTORS",255,249,54,true,,,,"spray_event_moon_2.png",,,,,,,"LUNAREVENT",,
"spray_overcharge_mortis",,,"sc/sprays.sc","spray_overcharge_mortis","Undertaker","UndertakerDefault",,"COLLECTORS",233,80,255,true,,,,"spray_overcharge_mortis.png",,,,,,true,,,
"spray_overcharge_nani",,,"sc/sprays.sc","spray_overcharge_nani","Controller","ControllerDefault",,"COLLECTORS",233,80,255,true,,,,"spray_overcharge_nani.png",,,,,,true,,,
"spray_overcharge_poco",,,"sc/sprays.sc","spray_overcharge_poco","DeadMariachi","DeadMariachiDefault",,"COLLECTORS",233,80,255,true,,,,"spray_overcharge_poco.png",,,,,,true,,,
"spray_overcharge_squeak",,,"sc/sprays.sc","spray_overcharge_squeak","StickyBomb","StickyBombDefault",,"COLLECTORS",233,80,255,true,,,,"spray_overcharge_squeak.png",,,,,,true,,,
"spray_overcharge_surge",,,"sc/sprays.sc","spray_overcharge_surge","PowerLeveler","PowerLevelerDefault",,"COLLECTORS",233,80,255,true,,,,"spray_overcharge_surge.png",,,,,,true,,,
"spray_overcharge_tara",,,"sc/sprays.sc","spray_overcharge_tara","BlackHole","BlackholeDefault",,"COLLECTORS",233,80,255,true,,,,"spray_overcharge_tara.png",,,,,,true,,,
"spray_poco_darkonce",,,"sc/sprays.sc","spray_poco_darkonce","DeadMariachi","DeadMariachiOnceupon",true,"COMMON",255,219,0,true,,,,"spray_poco_darkonce.png",,,,,,,,,
"spray_ranked_darkonce",,,"sc/sprays.sc","spray_ranked_darkonce",,,,"COLLECTORS",41,255,252,true,,,,"spray_ranked_darkonce.png",,,,,,true,"ONCEUPON",,
"spray_zombies_1",,,"sc/sprays.sc","spray_zombies_1",,,,"COLLECTORS",0,241,124,true,,,,"spray_zombies_1.png",,,,,,,"BRAWLOWEEN",,
"spray_zombies_2",,,"sc/sprays.sc","spray_zombies_2",,,,"COLLECTORS",255,207,38,true,,,,"spray_zombies_2.png",,,,,,,"BRAWLOWEEN",,
"spray_zombies_3",,,"sc/sprays.sc","spray_zombies_3",,,,"COLLECTORS",193,255,41,true,,,,"spray_zombies_3.png",,,,,,,"BRAWLOWEEN",,
"spray_sushi_1",,,"sc/sprays.sc","spray_sushi_1",,,,"COLLECTORS",255,173,55,true,,,,"spray_sushi_1.png",,,,,,,"GOLDENWEEK",,
"spray_sushi_2",,,"sc/sprays.sc","spray_sushi_2",,,,"COLLECTORS",255,218,245,true,,,,"spray_sushi_2.png",,,,,,,"GOLDENWEEK",,
"spray_sushi_3",,,"sc/sprays.sc","spray_sushi_3",,,,"COLLECTORS",235,0,38,true,,,,"spray_sushi_3.png",,,,,,,"GOLDENWEEK",,
"spray_sushi_4",,,"sc/sprays.sc","spray_sushi_4",,,,"COLLECTORS",255,215,47,true,,,,"spray_sushi_4.png",,,,,,,"GOLDENWEEK",,
"spray_sushi_5",,,"sc/sprays.sc","spray_sushi_5",,,,"COLLECTORS",255,93,154,true,,,,"spray_sushi_5.png",,,,,,,"GOLDENWEEK",,
"spray_sushi_6",,,"sc/sprays.sc","spray_sushi_6",,,,"COLLECTORS",62,236,255,true,,,,"spray_sushi_6.png",,,,,,,"GOLDENWEEK",,
"spray_sushi_7",,,"sc/sprays.sc","spray_sushi_7",,,,"COLLECTORS",255,81,147,true,,,,"spray_sushi_7.png",,,,,,,"GOLDENWEEK",,
"spray_kenji",,,"sc/sprays.sc","spray_kenji","Samurai",,,"COMMON",68,255,222,true,,,,"spray_kenji.png",750,19,,,,,,,
"spray_angelsdemons_4",,,"sc/sprays.sc","spray_angelsdemons_4",,,,"COLLECTORS",81,255,198,true,,,,"spray_angelsdemons_4.png",,,,,,,"ANGELDEMONS",,
"spray_angelsdemons_3",,,"sc/sprays.sc","spray_angelsdemons_3",,,,"COLLECTORS",55,237,255,true,,,,"spray_angelsdemons_3.png",,,,,,,"ANGELDEMONS",,
"spray_angelsdemons_2",,,"sc/sprays.sc","spray_angelsdemons_2",,,,"COLLECTORS",255,228,20,true,,,,"spray_angelsdemons_2.png",,,,,,,"ANGELDEMONS",,
"spray_angelsdemons_1",,,"sc/sprays.sc","spray_angelsdemons_1",,,,"COLLECTORS",247,0,0,true,,,,"spray_angelsdemons_1.png",,,,,,,"ANGELDEMONS",,
"spray_crow_thanksgiving",true,true,"sc/sprays.sc","spray_crow_thanksgiving",,,,"COLLECTORS",241,0,0,true,,,,"spray_crow_moon.png",,,,,,,"USA",,
"spray_lou_toons",,,"sc/sprays.sc","spray_lou_toons","IceDude","IceDudeToon",true,"COMMON",97,116,255,true,,,,"spray_lou_toons.png",,,,,,,,,
"spray_moai",,,"sc/sprays.sc","spray_moai",,,,"COLLECTORS",150,51,255,true,,,,"spray_moai.png",1000,29,,,,,"MISC",,
"spray_ranked_toons2",,,"sc/sprays.sc","spray_ranked_toons2",,,,"COLLECTORS",0,225,253,true,,,,"spray_ranked_toons2.png",,,,,,true,"CARTOON",,
"spray_bp_toons2",,,"sc/sprays.sc","spray_bp_toons2",,,,"COLLECTORS",255,221,36,true,,,,"spray_bp_toons2.png",,,,,,true,"CARTOON",,
"spray_bp_angelsdemons",,,"sc/sprays.sc","spray_bp_angelsdemons",,,,"COLLECTORS",255,248,79,true,,,,"spray_bp_angelsdemons.png",,,,,,true,"ANGELDEMONS",,
"spray_ranked_angelsdemons",,,"sc/sprays.sc","spray_ranked_angelsdemons",,,,"COLLECTORS",169,245,255,true,,,,"spray_ranked_angelsdemons.png",,,,,,true,"ANGELDEMONS",,
"spray_edgar_angeldemon",,,"sc/sprays.sc","spray_edgar_angeldemon","Enrager","EnragerAngel",true,"COMMON",105,255,253,true,,,,"spray_edgar_angeldemon.png",,,,,,,"ANGELDEMONS",,
"spray_mortis_angeldemon",,,"sc/sprays.sc","spray_mortis_angeldemon","Undertaker","UndertakerDemon",true,"COMMON",255,96,11,true,,,,"spray_mortis_angeldemon.png",,,,,,,"ANGELDEMONS",,
"spray_cordelius_toons",,,"sc/sprays.sc","spray_cordelius_toons","Duelist","DuelistToon",true,"COMMON",255,119,253,true,,,,"spray_cordelius_toons.png",,,,,,,"CARTOON",,
"spray_shade",,,"sc/sprays.sc","spray_shade","Ghost",,,"COMMON",255,229,84,true,,,,"spray_shade.png",750,19,,,,,,,
"spray_juju",,,"sc/sprays.sc","spray_juju","Voodoo",,,"COMMON",154,255,25,true,,,,"spray_juju.png",750,19,,,,,,,
"spray_overcharge_otis",,,"sc/sprays.sc","spray_overcharge_otis","Silencer","SilencerDefault",,"COLLECTORS",233,80,255,true,,,,"spray_overcharge_otis.png",,,,,,true,,,
"spray_overcharge_8bit",,,"sc/sprays.sc","spray_overcharge_8bit","Arcade","ArcadeDefault",,"COLLECTORS",233,80,255,true,,,,"spray_overcharge_8bit.png",,,,,,true,,,
"spray_overcharge_darryl",,,"sc/sprays.sc","spray_overcharge_darryl","BarrelBot","BarrelbotDefault",,"COLLECTORS",233,80,255,true,,,,"spray_overcharge_darryl.png",,,,,,true,,,
"spray_overcharge_penny",,,"sc/sprays.sc","spray_overcharge_penny","ArtilleryDude","ArtilleryGalDefault",,"COLLECTORS",233,80,255,true,,,,"spray_overcharge_penny.png",,,,,,true,,,
"spray_overcharge_ruffs",,,"sc/sprays.sc","spray_overcharge_ruffs","Ruffs","RuffsDefault",,"COLLECTORS",233,80,255,true,,,,"spray_overcharge_ruffs.png",,,,,,true,,,
"spray_overcharge_stu",,,"sc/sprays.sc","spray_overcharge_stu","Roller","RollerDefault",,"COLLECTORS",233,80,255,true,,,,"spray_overcharge_stu.png",,,,,,true,,,
"spray_og_30",,,"sc/sprays.sc","spray_og_30",,,,"COLLECTORS",255,32,64,true,,,,"spray_og_30.png",,,,,,true,,,
"spray_ts_colt",,,"sc/sprays.sc","spray_ts_colt","Gunslinger","GunSlingerWoody",true,"COMMON",255,225,7,true,,,,"spray_ts_colt.png",,,,,,,"TOYSTORY",,
"spray_ts_buzzarm",,,"sc/sprays.sc","spray_ts_buzzarm",,,,"COMMON",12,237,0,true,,,,"spray_ts_buzzarm.png",,,,,,,"TOYSTORY",,
"spray_ts_surge",,,"sc/sprays.sc","spray_ts_surge","PowerLeveler","PowerLevelerBuzz",true,"COMMON",21,202,255,true,,,,"spray_ts_surge.png",,,,,,,"TOYSTORY",,
"spray_ts_slinky2",,,"sc/sprays.sc","spray_ts_slinky2",,,,"COMMON",255,157,32,true,,,,"spray_ts_slinky2.png",,,,,,,"TOYSTORY",,
"spray_ts_slinky1",,,"sc/sprays.sc","spray_ts_slinky1",,,,"COMMON",255,157,32,true,,,,"spray_ts_slinky1.png",,,,,,,"TOYSTORY",,
"spray_brawlentine_2024_1",,,"sc/sprays.sc","spray_brawlentine_2024_1",,,,"COLLECTORS",255,34,76,true,,,,"spray_brawlentine_2024_1.png",,,,,,,"BRAWLENTINES",,
"spray_brawlentine_2024_2",,,"sc/sprays.sc","spray_brawlentine_2024_2",,,,"COLLECTORS",255,61,145,true,,,,"spray_brawlentine_2024_2.png",,,,,,,"BRAWLENTINES",,
"spray_bp_goodrandoms",,,"sc/sprays.sc","spray_bp_goodrandoms",,,,"COLLECTORS",255,243,79,true,,,,"spray_bp_goodrandoms.png",,,,,,true,"GOODRANDOMS",,
"spray_ranked_goodrandoms",,,"sc/sprays.sc","spray_ranked_goodrandoms",,,,"COLLECTORS",250,53,0,true,,,,"spray_ranked_goodrandoms.png",,,,,,true,"GOODRANDOMS",,
"spray_starrforce1",,,"sc/sprays.sc","spray_starrforce1",,,,"COLLECTORS",255,209,29,true,,,,"spray_starrforce1.png",,,,,,,"STARRFORCE",,
"spray_bp_starrforce",,,"sc/sprays.sc","spray_bp_starrforce",,,,"COLLECTORS",255,223,64,true,,,,"spray_bp_starrforce.png",,,,,,true,"STARRFORCE",,
"spray_ranked_starrforce",,,"sc/sprays.sc","spray_ranked_starrforce",,,,"COLLECTORS",106,255,50,true,,,,"spray_ranked_starrforce.png",,,,,,true,"STARRFORCE",,
"spray_xmas_1",,,"sc/sprays.sc","spray_xmas_1",,,,"COLLECTORS",66,240,255,true,,,,"spray_xmas_1.png",,,,,,,"BRAWLIDAYS",,
"spray_meeple",,,"sc/sprays.sc","spray_meeple","Meeple",,,"COMMON",255,1,255,true,,,,"spray_meeple.png",750,19,,,,,,,
"spray_ollie",,,"sc/sprays.sc","spray_ollie","Skater",,,"COMMON",140,79,255,true,,,,"spray_ollie.png",750,19,,,,,,,
"spray_overcharge_ash",,,"sc/sprays.sc","spray_overcharge_ash","Knight","KnightDefault",,"COLLECTORS",233,80,255,true,,,,"spray_overcharge_ash.png",,,,,,true,,,
"spray_overcharge_berry",,,"sc/sprays.sc","spray_overcharge_berry","Painter","PainterDefault",,"COLLECTORS",233,80,255,true,,,,"spray_overcharge_berry.png",,,,,,true,,,
"spray_overcharge_eve",,,"sc/sprays.sc","spray_overcharge_eve","Flea","FleaDefault",,"COLLECTORS",233,80,255,true,,,,"spray_overcharge_eve.png",,,,,,true,,,
"spray_overcharge_gray",,,"sc/sprays.sc","spray_overcharge_gray","DoorMan","DoorManDefault",,"COLLECTORS",233,80,255,true,,,,"spray_overcharge_gray.png",,,,,,true,,,
"spray_overcharge_janet",,,"sc/sprays.sc","spray_overcharge_janet","JetpackGirl","JetpackGirlDefault",,"COLLECTORS",233,80,255,true,,,,"spray_overcharge_janet.png",,,,,,true,,,
"spray_overcharge_melodie",,,"sc/sprays.sc","spray_overcharge_melodie","AxeJuggler","AxeJugglerDefault",,"COLLECTORS",233,80,255,true,,,,"spray_overcharge_melodie.png",,,,,,true,,,
"spray_penny_toy",,,"sc/sprays.sc","spray_penny_toy","ArtilleryDude","ArtilleryGalToy",true,"COMMON",255,21,87,true,,,,"spray_penny_toy.png",,,,,,,"TOYS",,
"spray_bsc24",,,"sc/sprays.sc","spray_bsc24",,,,"COLLECTORS",255,188,33,true,,,,"spray_bsc24.png",,,,,,,"WF_2020",,
"spray_zerof",,,"sc/sprays.sc","spray_zerof",,,,"COLLECTORS",255,156,49,true,,,,"spray_zerof.png",,,,,,,"MISC",,
"spray_super2",,,"sc/sprays.sc","spray_super2",,,,"COLLECTORS",5,91,255,true,,,,"spray_super2.png",,,,,,,"SUPERHEROES",,
"spray_super1",,,"sc/sprays.sc","spray_super1",,,,"COLLECTORS",255,232,17,true,,,,"spray_super1.png",,,,,,,"SUPERHEROES",,
"spray_bp_super",,,"sc/sprays.sc","spray_bp_super",,,,"COLLECTORS",255,0,0,true,,,,"spray_bp_super.png",,,,,,,"SUPERHEROES",,
"spray_bp_darksands",,,"sc/sprays.sc","spray_bp_darksands",,,,"COLLECTORS",255,232,17,true,,,,"spray_bp_darksands.png",,,,,,,"DARKSANDS",,
"spray_ranked1_1",,,"sc/sprays.sc","spray_ranked1_1",,,,"COLLECTORS",255,0,0,true,,,,"spray_ranked1_1.png",,,,,,,"RANKED",,
"spray_ranked1_2",,,"sc/sprays.sc","spray_ranked1_2",,,,"COLLECTORS",5,91,255,true,,,,"spray_ranked1_2.png",,,,,,,"RANKED",,
"spray_uno1",,,"sc/sprays.sc","spray_uno1",,,,"COLLECTORS",255,0,0,true,,,,"spray_uno1.png",,,,,,,"UNO",,
"spray_uno2",,,"sc/sprays.sc","spray_uno2",,,,"COLLECTORS",73,230,0,true,,,,"spray_uno2.png",,,,,,,"UNO",,
"spray_uno3",,,"sc/sprays.sc","spray_uno3",,,,"COLLECTORS",255,0,0,true,,,,"spray_uno3.png",,,,,,,"UNO",,
"spray_colt_ranked",,,"sc/sprays.sc","spray_colt_ranked","Gunslinger","GunSlinger2025RankedProgrsesionSkinLevel2",true,"COMMON",248,0,255,true,,,,"spray_colt_ranked.png",,,,,,,"PROPASS",,
"spray_mandy_carneval",,,"sc/sprays.sc","spray_mandy_carneval","Beamer","BeamerCarnival",true,"COMMON",213,31,255,true,,,,"spray_mandy_carneval.png",,,,,,,"CARNAVAL",,
"spray_propass_touchgrass",,,"sc/sprays.sc","spray_propass_touchgrass",,,,"COLLECTORS",112,255,29,true,,,,"spray_propass_touchgrass.png",,,,,,,"PROPASS",,
"spray_propass_gas",,,"sc/sprays.sc","spray_propass_gas",,,,"COLLECTORS",112,255,29,true,,,,"spray_propass_gas.png",,,,,,,"PROPASS",,
"spray_overcharge_bea",,,"sc/sprays.sc","spray_overcharge_bea","BeeSniper","BeeSniperDefault",,"COLLECTORS",233,80,255,true,,,,"spray_overcharge_bea.png",,,,,,true,,,
"spray_overcharge_bo",,,"sc/sprays.sc","spray_overcharge_bo","BowDude","BowDudeDefault",,"COLLECTORS",233,80,255,true,,,,"spray_overcharge_bo.png",,,,,,true,,,
"spray_overcharge_mrp",,,"sc/sprays.sc","spray_overcharge_mrp","SpawnerDude","SpawnerDudeDefault",,"COLLECTORS",233,80,255,true,,,,"spray_overcharge_mrp.png",,,,,,true,,,
"spray_overcharge_meg",,,"sc/sprays.sc","spray_overcharge_meg","MechaDude","MechaDudeDefault",,"COLLECTORS",233,80,255,true,,,,"spray_overcharge_meg.png",,,,,,true,,,
"spray_overcharge_lola",,,"sc/sprays.sc","spray_overcharge_lola","Duplicator","DuplicatorDefault",,"COLLECTORS",233,80,255,true,,,,"spray_overcharge_lola.png",,,,,,true,,,
"spray_overcharge_hank",,,"sc/sprays.sc","spray_overcharge_hank","FishTank","FishTankDefault",,"COLLECTORS",233,80,255,true,,,,"spray_overcharge_hank.png",,,,,,true,,,
"spray_overcharge_grom",,,"sc/sprays.sc","spray_overcharge_grom","CrossBomber","CrossBomberDefault",,"COLLECTORS",233,80,255,true,,,,"spray_overcharge_grom.png",,,,,,true,,,
"spray_overcharge_chester",,,"sc/sprays.sc","spray_overcharge_chester","Jester","JesterDefault",,"COLLECTORS",233,80,255,true,,,,"spray_overcharge_chester.png",,,,,,true,,,
"spray_overcharge_mandy",,,"sc/sprays.sc","spray_overcharge_mandy","Beamer","BeamerDefault",,"COLLECTORS",233,80,255,true,,,,"spray_overcharge_mandy.png",,,,,,true,,,
"spray_overcharge_sam",,,"sc/sprays.sc","spray_overcharge_sam","WeaponThrower","WeaponThrowerDefault",,"COLLECTORS",233,80,255,true,,,,"spray_overcharge_sam.png",,,,,,true,,,
"spray_overcharge_carl",,,"sc/sprays.sc","spray_overcharge_carl","Whirlwind","WhirlwindDefault",,"COLLECTORS",233,80,255,true,,,,"spray_overcharge_carl.png",,,,,,true,,,
"spray_overcharge_buster",,,"sc/sprays.sc","spray_overcharge_buster","ShieldTank","ShieldTankDefault",,"COLLECTORS",233,80,255,true,,,,"spray_overcharge_buster.png",,,,,,true,,,
"spray_finx",,,"sc/sprays.sc","spray_finx","Chronomancer",,,"COMMON",185,0,224,true,,,,"spray_finx.png",750,19,,,,,,,
"spray_pamegg",,,"sc/sprays.sc","spray_pamegg","MinigunDude","MinigunDudeAprilFools",true,"COMMON",255,11,111,true,,,,"spray_pamegg.png",,,,,,,"APRILFOOLS",,
"spray_gromlordofgod",,,"sc/sprays.sc","spray_gromlordofgod","CrossBomber","CrossBomberSupercellMake",true,"COMMON",62,113,255,true,,,,"spray_gromlordofgod.png",,,,,,,"SUPERHEROES",,
"spray_ricoegg",,,"sc/sprays.sc","spray_ricoegg","TrickshotDude","TrickshotDudeAprilFools",true,"COMMON",255,185,29,true,,,,"spray_ricoegg.png",,,,,,,"APRILFOOLS",,
"spray_lumi",,,"sc/sprays.sc","spray_lumi","Morningstar",,,"COMMON",125,244,162,true,,,,"spray_lumi.png",750,19,,,,,,,
"spray_team_graffiti_fut",,,"sc/sprays.sc","spray_team_graffiti_fut",,,,"COMMON",255,0,48,true,,,,"spray_team_graffiti_fut.png",,29,,,,,"WF_2020",,
"spray_team_graffiti_geng",,,"sc/sprays.sc","spray_team_graffiti_geng",,,,"COMMON",170,138,0,true,,,,"spray_team_graffiti_geng.png",,29,,,,,"WF_2020",,
"spray_team_graffiti_heretics",,,"sc/sprays.sc","spray_team_graffiti_heretics",,,,"COMMON",193,175,113,true,,,,"spray_team_graffiti_heretics.png",,29,,,,,"WF_2020",,
"spray_team_graffiti_loud",,,"sc/sprays.sc","spray_team_graffiti_loud",,,,"COMMON",208,217,191,true,,,,"spray_team_graffiti_loud.png",,29,,,,,"WF_2020",,
"spray_team_graffiti_navi",,,"sc/sprays.sc","spray_team_graffiti_navi",,,,"COMMON",255,238,0,true,,,,"spray_team_graffiti_navi.png",,29,,,,,"WF_2020",,
"spray_team_graffiti_sk",,,"sc/sprays.sc","spray_team_graffiti_sk",,,,"COMMON",106,0,223,true,,,,"spray_team_graffiti_sk.png",,29,,,,,"WF_2020",,
"spray_team_graffiti_ssg",,,"sc/sprays.sc","spray_team_graffiti_ssg",,,,"COMMON",244,178,35,true,,,,"spray_team_graffiti_ssg.png",,29,,,,,"WF_2020",,
"spray_team_graffiti_totem",,,"sc/sprays.sc","spray_team_graffiti_totem",,,,"COMMON",0,177,64,true,,,,"spray_team_graffiti_totem.png",,29,,,,,"WF_2020",,
"spray_team_graffiti_tribe",,,"sc/sprays.sc","spray_team_graffiti_tribe",,,,"COMMON",234,0,41,true,,,,"spray_team_graffiti_tribe.png",,29,,,,,"WF_2020",,
"spray_team_graffiti_zeta",,,"sc/sprays.sc","spray_team_graffiti_zeta",,,,"COMMON",206,255,0,true,,,,"spray_team_graffiti_zeta.png",,29,,,,,"WF_2020",,
"spray_dynamike_moldy",,,"sc/sprays.sc","spray_dynamike_moldy","TntDude","TntDudeToxic",true,"COMMON",218,255,0,true,,,,"spray_dynamike_moldy.png",,,,,,,,,
"spray_feudaljapan_lily",,,"sc/sprays.sc","spray_feudaljapan_lily",,,,"COMMON",255,184,248,true,,,,"spray_feudaljapan_lily.png",,,,,,,"FEUDALJAPAN",,
"spray_bp_feudaljapan",,,"sc/sprays.sc","spray_bp_feudaljapan",,,,"COLLECTORS",19,252,0,true,,,,"spray_bp_feudaljapan.png",,,,,,,"FEUDALJAPAN",,
"spray_bp_kaiju",,,"sc/sprays.sc","spray_bp_kaiju",,,,"COLLECTORS",80,44,255,true,,,,"spray_bp_kaiju.png",,,,,,,"KAIJU",,
"spray_feudaljapan_katana",,,"sc/sprays.sc","spray_feudaljapan_katana",,,,"COMMON",255,0,0,true,,,,"spray_feudaljapan_katana.png",,,,,,,"FEUDALJAPAN",,
"spray_feudaljapan_mask",,,"sc/sprays.sc","spray_feudaljapan_mask",,,,"COMMON",165,87,255,true,,,,"spray_feudaljapan_mask.png",,,,,,,"FEUDALJAPAN",,
"spray_feudaljapan_stinky",,,"sc/sprays.sc","spray_feudaljapan_stinky",,,,"COMMON",152,255,62,true,,,,"spray_feudaljapan_stinky.png",,,,,,,"FEUDALJAPAN",,
"spray_feudaljapan_weapon",,,"sc/sprays.sc","spray_feudaljapan_weapon",,,,"COMMON",139,55,255,true,,,,"spray_feudaljapan_weapon.png",,,,,,,"FEUDALJAPAN",,
"spray_finx_mecha",,,"sc/sprays.sc","spray_finx_mecha","Chronomancer","ChronomancerKaiju",true,"COMMON",108,34,255,true,,,,"spray_finx_mecha.png",,,,,,,,,
"spray_comedian_mic",,,"sc/sprays.sc","spray_comedian_mic",,,,"COMMON",184,74,255,true,,,,"spray_comedian_mic.png",,,,,,,"MISC",,
"spray_feudaljapan_frame",,,"sc/sprays.sc","spray_feudaljapan_frame",,,,"COMMON",255,6,6,true,,,,"spray_feudaljapan_frame.png",,,,,,,"FEUDALJAPAN",,
"spray_feudaljapan_sushi",,,"sc/sprays.sc","spray_feudaljapan_sushi",,,,"COMMON",24,124,24,true,,,,"spray_feudaljapan_sushi.png",,,,,,,"FEUDALJAPAN",,
"spray_icecreamcactus",,,"sc/sprays.sc","spray_icecreamcactus",,,,"COMMON",165,232,0,true,,,,"spray_icecreamcactus.png",,,,,,,"MEAL",,
"spray_overcharge_willow",,,"sc/sprays.sc","spray_overcharge_willow","Puppeteer","PuppeteerDefault",,"COLLECTORS",233,80,255,true,,,,"spray_overcharge_willow.png",,,,,,true,,,
"spray_overcharge_gus",,,"sc/sprays.sc","spray_overcharge_gus","SoulCollector","SoulCollectorDefault",,"COLLECTORS",233,80,255,true,,,,"spray_overcharge_gus.png",,,,,,true,,,
"spray_kaiju_win",,,"sc/sprays.sc","spray_kaiju_win",,,,"COMMON",80,44,255,true,,,,"spray_kaiju_win.png",,,,,,,"KAIJU",,
"spray_feudaljapan_wasabee",,,"sc/sprays.sc","spray_feudaljapan_wasabee",,,,"COMMON",168,255,0,true,,,,"spray_feudaljapan_wasabee.png",,,,,,,"FEUDALJAPAN",,
"spray_feudaljapan_eye",,,"sc/sprays.sc","spray_feudaljapan_eye",,,,"COMMON",255,69,171,true,,,,"spray_feudaljapan_eye.png",,,,,,,"FEUDALJAPAN",,
"spray_kenji_feudaljapan",,,"sc/sprays.sc","spray_kenji_feudaljapan","Samurai","SamuraiJapan",,"COMMON",255,29,51,true,,,,"spray_kenji_feudaljapan.png",,,,,,,"FEUDALJAPAN",,
"spray_kaze_assassin",,,"sc/sprays.sc","spray_kaze_assassin",,,,"COMMON",22,117,3,true,,,,"spray_kaze_assassin.png",,,,,,,"FEUDALJAPAN",,
"spray_kaze_geisha",,,"sc/sprays.sc","spray_kaze_geisha","Geisha",,,"COMMON",255,34,61,true,,,,"spray_kaze_geisha.png",750,19,,,,,,,
"spray_jae",,,"sc/sprays.sc","spray_jae","Alternator",,,"COMMON",0,216,255,true,,,,"spray_jae.png",750,19,,,,,,,
"spray_overcharge_kaze",,,"sc/sprays.sc","spray_overcharge_kaze","Geisha","GeishaDefault",,"COLLECTORS",233,80,255,true,,,,"spray_overcharge_kaze.png",,,,,,true,,,
"spray_overcharge_kenji",,,"sc/sprays.sc","spray_overcharge_kenji","Samurai","SamuraiDefault",,"COLLECTORS",233,80,255,true,,,,"spray_overcharge_kenji.png",,,,,,true,,,
"spray_overcharge_amber",,,"sc/sprays.sc","spray_overcharge_amber","FireDude","FireDudeDefault",,"COLLECTORS",233,80,255,true,,,,"spray_overcharge_amber.png",,,,,,true,,,
"spray_overcharge_clancy",,,"sc/sprays.sc","spray_overcharge_clancy","Crab","CrabDefault",,"COLLECTORS",233,80,255,true,,,,"spray_overcharge_clancy.png",,,,,,true,,,
"spray_overcharge_griff",,,"sc/sprays.sc","spray_overcharge_griff","AssaultShotgun","AssaultShotgunDefault",,"COLLECTORS",233,80,255,true,,,,"spray_overcharge_griff.png",,,,,,true,,,
"spray_overcharge_lily",,,"sc/sprays.sc","spray_overcharge_lily","Ambusher","AmbusherDefault",,"COLLECTORS",233,80,255,true,,,,"spray_overcharge_lily.png",,,,,,true,,,
"spray_overcharge_bonnie",,,"sc/sprays.sc","spray_overcharge_bonnie","CannonGirl","CannonGirlDefault",,"COLLECTORS",233,80,255,true,,,,"spray_overcharge_bonnie.png",,,,,,true,,,
"spray_overcharge_shade",,,"sc/sprays.sc","spray_overcharge_shade","Ghost","GhostDefault",,"COLLECTORS",233,80,255,true,,,,"spray_overcharge_shade.png",,,,,,true,,,
"spray_overcharge_moe",,,"sc/sprays.sc","spray_overcharge_moe","Digger","DiggerDefault",,"COLLECTORS",233,80,255,true,,,,"spray_overcharge_moe.png",,,,,,true,,,
"spray_overcharge_draco",,,"sc/sprays.sc","spray_overcharge_draco","DragonRider","DragonRiderDefault",,"COLLECTORS",233,80,255,true,,,,"spray_overcharge_draco.png",,,,,,true,,,
"spray_overcharge_chuck",,,"sc/sprays.sc","spray_overcharge_chuck","Conductor","ConductorDefault",,"COLLECTORS",233,80,255,true,,,,"spray_overcharge_chuck.png",,,,,,true,,,
"spray_bp_greekmortis",,,"sc/sprays.sc","spray_bp_greekmortis",,,,"COLLECTORS",255,194,0,true,,,,"spray_bp_greekmortis.png",,,,,,,"DARKGREEK",,
"spray_bp_fantasybo",,,"sc/sprays.sc","spray_bp_fantasybo",,,,"COLLECTORS",255,194,0,true,,,,"spray_bp_fantasybo.png",,,,,,,"FANTASY",,
"spray_darkgreek_sheep",,,"sc/sprays.sc","spray_darkgreek_sheep",,,,"COMMON",255,255,255,true,,,,"spray_darkgreek_sheep.png",,,,,,,"DARKGREEK",,
"spray_fantasy_torch",,,"sc/sprays.sc","spray_fantasy_torch",,,,"COMMON",195,51,255,true,,,,"spray_fantasy_torch.png",,,,,,,"FANTASY",,
"spray_comic",,,"sc/sprays.sc","spray_comic",,,,"COMMON",0,104,255,true,,,,"spray_comic.png",,,,,,,"MISC",,
"spray_rosesad",,,"sc/sprays.sc","spray_rosesad",,,,"COMMON",255,0,0,true,,,,"spray_rosesad.png",,,,,,,"MISC",,
"spray_fantasy_greenfire",,,"sc/sprays.sc","spray_fantasy_greenfire",,,,"COMMON",34,196,0,true,,,,"spray_fantasy_greenfire.png",,,,,,,"FANTASY",,
"spray_comic_gold",,,"sc/sprays.sc","spray_comic_gold",,,,"COMMON",255,212,0,true,,,,"spray_comic_gold.png",,,,,,true,"MISC",,
"spray_alli",,,"sc/sprays.sc","spray_alli","Stalker",,,"COMMON",255,62,255,true,,,,"spray_alli.png",750,19,,,,,,,
"spray_trunk",,,"sc/sprays.sc","spray_trunk","Domain",,,"COMMON",255,62,255,true,,,,"spray_trunk.png",750,19,,,,,,,
"spray_belle_fantasy",,,"sc/sprays.sc","spray_belle_fantasy","ElectroSniper","ElectroSniperFantasy",true,"COLLECTORS",0,249,255,true,,,,"spray_belle_fantasy.png",,,,,,,"FANTASY",,
"spray_bull_demon",,,"sc/sprays.sc","spray_bull_demon","BullDude","BullDudeDemon",true,"COLLECTORS",0,249,255,true,,,,"spray_bull_demon.png",,,,,,,"ANGELDEMONS",,
"spray_jacky_fantasy",,,"sc/sprays.sc","spray_jacky_fantasy","Driller","DrillerFantasy",true,"COLLECTORS",255,151,161,true,,,,"spray_jacky_fantasy.png",,,,,,,"FANTASY",,
"spray_lily_fantasy",,,"sc/sprays.sc","spray_lily_fantasy","Ambusher","AmbusherFantasy",true,"COLLECTORS",255,94,0,true,,,,"spray_lily_fantasy.png",,,,,,,"FANTASY",,
"spray_propass_dynamike",,,"sc/sprays.sc","spray_propass_dynamike","TntDude","TntGuyProgressionSkinLevel2",true,"COLLECTORS",255,119,255,true,,,,"spray_propass_dynamike.png",,,,,,,"PROPASS",,
"spray_sandy_darkgreek",,,"sc/sprays.sc","spray_sandy_darkgreek","Sandstorm","SandstormGreekGod",true,"COLLECTORS",56,255,0,true,,,,"spray_sandy_darkgreek.png",,,,,,,"DARKGREEK",,
"spray_propass_62_1",,,"sc/sprays.sc","spray_propass_62_1",,,,"COLLECTORS",195,245,39,true,,,,"spray_propass_62_1.png",,,,,,,"PROPASS",,
"spray_propass_62_2",,,"sc/sprays.sc","spray_propass_62_2",,,,"COLLECTORS",195,245,39,true,,,,"spray_propass_62_2.png",,,,,,,"PROPASS",,
"spray_propass_62_3",,,"sc/sprays.sc","spray_propass_62_3",,,,"COLLECTORS",198,229,242,true,,,,"spray_propass_62_3.png",,,,,,,"PROPASS",,
"spray_angeldemon_pet",,,"sc/sprays.sc","spray_angeldemon_pet",,,,"COMMON",229,0,93,true,,,,"spray_angeldemon_pet.png",,,,,,,"ANGELDEMONS",,
"spray_fantasy_sword",,,"sc/sprays.sc","spray_fantasy_sword",,,,"COMMON",255,170,0,true,,,,"spray_fantasy_sword.png",,,,,,,"FANTASY",,
"spray_angel_door",,,"sc/sprays.sc","spray_angel_door",,,,"COLLECTORS",108,220,255,true,,,,"spray_angel_door.png",,,,,,true,"ANGELDEMONS",,
"spray_angel_helmet",,,"sc/sprays.sc","spray_angel_helmet",,,,"COMMON",255,255,46,true,,,,"spray_angel_helmet.png",,,,,,,"ANGELDEMONS",,
"spray_angel_wing",,,"sc/sprays.sc","spray_angel_wing",,,,"COMMON",108,220,255,true,,,,"spray_angel_wing.png",,,,,,,"ANGELDEMONS",,
"spray_angeldemon_fanfare",,,"sc/sprays.sc","spray_angeldemon_fanfare",,,,"COMMON",108,220,255,true,,,,"spray_angeldemon_fanfare.png",,,,,,,"ANGELDEMONS",,
"spray_demon_door",,,"sc/sprays.sc","spray_demon_door",,,,"COLLECTORS",255,36,55,true,,,,"spray_demon_door.png",,,,,,true,"ANGELDEMONS",,
"spray_demon_helmet",,,"sc/sprays.sc","spray_demon_helmet",,,,"COMMON",255,60,25,true,,,,"spray_demon_helmet.png",,,,,,,"ANGELDEMONS",,
"spray_demon_wing",,,"sc/sprays.sc","spray_demon_wing",,,,"COMMON",255,36,55,true,,,,"spray_demon_wing.png",,,,,,,"ANGELDEMONS",,
"spray_overcharge_doug",,,"sc/sprays.sc","spray_overcharge_doug","Reviver","ReviverDefault",,"COLLECTORS",233,80,255,true,,,,"spray_overcharge_doug.png",,,,,,true,,,
"spray_overcharge_kit",,,"sc/sprays.sc","spray_overcharge_kit","Attacher","AttacherDefault",,"COLLECTORS",233,80,255,true,,,,"spray_overcharge_kit.png",,,,,,true,,,
"spray_overcharge_lumi",,,"sc/sprays.sc","spray_overcharge_lumi","Morningstar","MorningstarDefault",,"COLLECTORS",233,80,255,true,,,,"spray_overcharge_lumi.png",,,,,,true,,,
"spray_overcharge_rt",,,"sc/sprays.sc","spray_overcharge_rt","Splitter","SplitterDefault",,"COLLECTORS",233,80,255,true,,,,"spray_overcharge_rt.png",,,,,,true,,,
"spray_brawloween_candy",,,"sc/sprays.sc","spray_brawloween_candy",,,,"COLLECTORS",255,107,0,true,,,,"spray_brawloween_candy.png",,,,,,true,"BRAWLOWEEN",,
"spray_rt_brawloween",,,"sc/sprays.sc","spray_rt_brawloween","Splitter","SplitterBrawloween",true,"COLLECTORS",0,173,173,true,,,,"spray_rt_brawloween.png",,,,,,true,"BRAWLOWEEN",,
"spray_rico_brawloween",,,"sc/sprays.sc","spray_rico_brawloween","TrickshotDude","TrickshotBrawloween",true,"COLLECTORS",69,255,0,true,,,,"spray_rico_brawloween.png",,,,,,true,"BRAWLOWEEN",,
"spray_tick_brawloween",,,"sc/sprays.sc","spray_tick_brawloween","ClusterBombDude","ClusterBombBrawloween",true,"COLLECTORS",173,124,255,true,,,,"spray_tick_brawloween.png",,,,,,true,"BRAWLOWEEN",,
"spray_hank_street",,,"sc/sprays.sc","spray_hank_street","FishTank","FishTankSurfer",true,"COLLECTORS",242,84,255,true,,,,"spray_hank_street.png",,,,,,true,,,
"spray_poco_hc_street",,,"sc/sprays.sc","spray_poco_hc_street","DeadMariachi","PocoSurferOvercharge",true,"COLLECTORS",255,151,0,true,,,,"spray_poco_hc_street.png",,,,,,true,,,
"spray_poco_street",,,"sc/sprays.sc","spray_poco_street",,,,"COMMON",72,29,176,true,,,,"spray_poco_street.png",,,,,,,"STREET",,
"spray_carreta_1",,,"sc/sprays.sc","spray_carreta_1",,,,"COMMON",255,202,0,true,,,,"spray_carreta_1.png",,,,,,,"CARRETA",,
"spray_graffiti_1",,,"sc/sprays.sc","spray_graffiti_1",,,,"COMMON",133,94,210,true,,,,"spray_graffiti_1.png",,,,,,,"STREET",,
"spray_graffiti_2",,,"sc/sprays.sc","spray_graffiti_2",,,,"COMMON",6,196,255,true,,,,"spray_graffiti_2.png",,,,,,,"STREET",,
"spray_graffiti_3",,,"sc/sprays.sc","spray_graffiti_3",,,,"COMMON",22,216,146,true,,,,"spray_graffiti_3.png",,,,,,,"STREET",,
"spray_graffiti_4",,,"sc/sprays.sc","spray_graffiti_4",,,,"COMMON",239,28,0,true,,,,"spray_graffiti_4.png",,,,,,,"SUBWAY",,
"spray_graffiti_5",,,"sc/sprays.sc","spray_graffiti_5",,,,"COMMON",255,242,0,true,,,,"spray_graffiti_5.png",,,,,,,"SUBWAY",,
"spray_mila_1",,,"sc/sprays.sc","spray_mila_1","Dancer",,,"COMMON",0,219,125,true,,,,"spray_mila_1.png",,,,,,,,,
"spray_mila_2",,,"sc/sprays.sc","spray_mila_2","Dancer",,,"COMMON",0,219,125,true,,,,"spray_mila_2.png",,,,,,,,,
"spray_mila_3",,,"sc/sprays.sc","spray_mila_3","Dancer",,,"COMMON",0,219,125,true,,,,"spray_mila_3.png",,,,,,,,,
"spray_overcharge_byron",,,"sc/sprays.sc","spray_overcharge_byron","SnakeOil","SnakeOilDefault",,"COLLECTORS",233,80,255,true,,,,"spray_overcharge_byron.png",,,,,,true,,,
"spray_overcharge_finx",,,"sc/sprays.sc","spray_overcharge_finx","Chronomancer","ChronomancerDefault",,"COLLECTORS",233,80,255,true,,,,"spray_overcharge_finx.png",,,,,,true,,,
"spray_overcharge_jae",,,"sc/sprays.sc","spray_overcharge_jae","Alternator","AlternatorDefault",,"COLLECTORS",233,80,255,true,,,,"spray_overcharge_jae.png",,,,,,true,,,
"spray_overcharge_juju",,,"sc/sprays.sc","spray_overcharge_juju","Voodoo","VoodooDefault",,"COLLECTORS",233,80,255,true,,,,"spray_overcharge_juju.png",,,,,,true,,,
"spray_overcharge_meeple",,,"sc/sprays.sc","spray_overcharge_meeple","Meeple","MeepleDefault",,"COLLECTORS",233,80,255,true,,,,"spray_overcharge_meeple.png",,,,,,true,,,
"spray_overcharge_ollie",,,"sc/sprays.sc","spray_overcharge_ollie","Skater","SkaterDefault",,"COLLECTORS",233,80,255,true,,,,"spray_overcharge_ollie.png",,,,,,true,,,
"spray_overcharge_trunk",,,"sc/sprays.sc","spray_overcharge_trunk","Domain","DomainDefault",,"COLLECTORS",233,80,255,true,,,,"spray_overcharge_trunk.png",,,,,,true,,,
"spray_overcharge_twins",,,"sc/sprays.sc","spray_overcharge_twins","Twins","TwinsDefault",,"COLLECTORS",233,80,255,true,,,,"spray_overcharge_twins.png",,,,,,true,,,
"spray_pearl_lunar",,,"sc/sprays.sc","spray_pearl_lunar","Cooker","CookerPorcelain",true,"COLLECTORS",255,95,16,true,,,,"spray_pearl_lunar.png",,,,,,true,,,
"spray_surge_lunar",,,"sc/sprays.sc","spray_surge_lunar","PowerLeveler","PowerLevelerPorcelain",true,"COLLECTORS",49,143,255,true,,,,"spray_surge_lunar.png",,,,,,true,,,
"spray_ziggy_1",,,"sc/sprays.sc","spray_ziggy_1","Fury",,,"COMMON",254,130,240,true,,,,"spray_ziggy_1.png",,,,,,,,,
"spray_ziggy_2",,,"sc/sprays.sc","spray_ziggy_2","Fury",,,"COMMON",255,182,0,true,,,,"spray_ziggy_2.png",,,,,,,,,
"spray_ziggy_3",,,"sc/sprays.sc","spray_ziggy_3","Fury",,,"COMMON",254,131,240,true,,,,"spray_ziggy_3.png",,,,,,,,,
"spray_bp_brawloween25",,,"sc/sprays.sc","spray_bp_brawloween25",,,,"COLLECTORS",255,194,0,true,,,,"spray_bp_brawloween25.png",,,,,,true,"BRAWLOWEEN",,
"spray_bp_street",,,"sc/sprays.sc","spray_bp_street",,,,"COLLECTORS",255,194,0,true,,,,"spray_bp_street.png",,,,,,true,"STREET",,
"spray_mina_placeholder",true,true,"sc/sprays.sc","spray_mina_placeholder","Dancer",,,"COLLECTORS",173,124,255,true,,,,"spray_mina_placeholder.png",,,,,,,,,
"spray_ziggy_placeholder",true,true,"sc/sprays.sc","spray_ziggy_placeholder","Fury",,,"COLLECTORS",242,84,255,true,,,,"spray_ziggy_placeholder.png",,,,,,,,,
"spray_brawloween25",,,"sc/sprays.sc","spray_brawloween25",,,,"COMMON",133,255,26,true,,,,"spray_brawloween25.png",,,,,,,"BRAWLOWEEN",,
"spray_box_ziggy",,,"sc/sprays.sc","spray_box_ziggy",,,,"COMMON",255,0,37,true,,,,"spray_box_ziggy.png",,,,,,,,,
"spray_box_mina",,,"sc/sprays.sc","spray_box_mina",,,,"COMMON",0,221,94,true,,,,"spray_box_mina.png",,,,,,,,,
